Workbook

Sheet PriceList
A1: Duraforge Price List | M1: FPE SEALS | Grey Background | Z1: ANALYSIS
A2: Exchange Rate Used: £1 = ₹122.5 | Source: 6-month average Oct 2025–Apr 2026 | Positive 'Price Diff ₹' = FPE costs MORE than your price
A3: PR Code | B3: Name / Part Code | C3: Seal Type | D3: Series | E3: Material | F3: Inner Ø (mm) | G3: Outer Ø (mm) | H3: Depth (mm) | I3: Price ₹ (INR) | J3: PO Price ££ | K3: Landing Price ££ | L3: Advertised Price ££ | M3: SKU | N3: Description | O3: Category | P3: Product Type | Q3: Inner Ø (mm) | R3: Outer Ø (mm) | S3: Depth (mm) | T3: Price £ (GBP) | U3: Diff | V3: GBP→INR (₹) | W3: Price ₹ (INR) | X3: Stock Qty | Y3: Dim Source | Z3: Price Diff ₹ | AA3: Diff % | AB3: Match Note
A4: 108683 | B4: DS011-F-0120-0180-03.8/5 | C4: Dust Seal | D4: 011 | E4: Standard (NBR/PU) | F4: 12 | G4: 18 | H4: 3.8-5.0 | I4: 44 | J4: =I4*0.0087 -> 0.3828 | K4: =ROUND(J4*1.5,2) -> 0.57 | L4: =K4*4 -> 2.28 | M4: WR12-18-4-7UL-P-H839 | N4: The Hallite 839 double-lipped, snap-in wiper is designed to fit standard housings, including many ISO 6195C sizes, and to exclude dirt and moisture from entering the cylinder. The design minimises the oil transfer out of the ram on the cylinder rod by collecting traces of fluid passing the rod seal.Opposite the wiper lip are two sealing lips that are precision trimmed at an angle to give optimal rod sealing performance. The Hallite 839 is designed to have an interference in the seal housing groove to improve the stability of the wiper in the gland and to reduce the possibility of ingress around the outside of the wiper.Hallite recommends a vent is provided between the seal and the wiper to avoid a pressure trap. For customers that require a wiper for heavier duty applications, the Hallite technical team may advise you to use a Hallite 844 wiper instead of the Hallite 839. Contact your local Hallite team for more information. | O4: Hallite Wiper Seal | P4: HalliteÂ® Type 839 | Q4: 12 | R4: 18 | S4: 4 | T4: 4.28 | U4: =T4-L4 -> 2 | V4: 524.3 | W4: 524.3 | X4: 20 | Y4: mm | Z4: 480.3 | AA4: 1091.6 | AB4: ID diff=0.00mm, OD diff=0.00mm
A5: 108686 | B5: DS011-F-0180-0240-03.8/5 | C5: Dust Seal | D5: 011 | E5: Standard (NBR/PU) | F5: 18 | G5: 24 | H5: 3.8-5.0 | I5: 47 | J5: =I5*0.0087 -> 0.4089 | K5: =ROUND(J5*1.5,2) -> 0.61 | L5: =K5*4 -> 2.44 | M5: WR18-24-5-7M-P-H38 | N5: The Hallite 38 single-lipped wiper/scraper is designed to fit metric housingsÂ including those of ISO 6195A. The proportions of the wiping lip ensure that contactÂ is maintained with the surface of the rod to remove heavily deposited containments such as mud and ice. The outside diameter of the wiper incorporates a crush lip to provide an interference fit with the housing. This feature help prevent contamination from entering the groove. The Hallite 38 is molded in a polyester-based material to provide a tough, abrasion_x0002_resistant wiper for the difficult conditions usually found in mining or earth moving applications. The complete range can be used with a split housing, and the majority can be installed in a blind housing with care | O5: Hallite Wiper Seal | P5: HalliteÂ® Type 38 | Q5: 18 | R5: 24 | S5: 5 | T5: 4.15 | U5: =T5-L5 -> 1.71 | V5: 508.38 | W5: 508.38 | X5: 127 | Y5: mm | Z5: 461.38 | AA5: 981.7 | AB5: ID diff=0.00mm, OD diff=0.00mm
A6: 110070 | B6: DS011-F-0180-0260-0507 | C6: Dust Seal | D6: 011 | E6: Standard (NBR/PU) | F6: 18 | G6: 26 | H6: 5.0-7.0 | I6: 59 | J6: =I6*0.0087 -> 0.5133 | K6: =ROUND(J6*1.5,2) -> 0.77 | L6: =K6*4 -> 3.08 | M6: WR18-26-4-6M-R-H33 | N6: The Hallite 33 wiper has a lip designed to remove lightly adhered dirt from the rod i.e. mud, dust or moisture.Â The wiper is manufactured from a hard nitrile rubber suitable for installing in a grooved housing. Rod diameters(Ã˜d1) of 20mm and below require a two piece housing .Â To prevent dirt passing the outside of the wiper and to reduce the pumping action, the outside diameter is anÂ interference fit with the housing. Certain sizes of the standard Hallite 33 metric range are suitable for ISO 6195Â Housing Type A.Â It should also be noted that the Hallite 33 inch profile differs from the metric profile | O6: Hallite Wiper Seal | P6: HalliteÂ® Type 33 | Q6: 18 | R6: 26 | S6: 4 | T6: 4.19 | U6: =T6-L6 -> 1.11 | V6: 513.28 | W6: 513.28 | X6: 55 | Y6: mm | Z6: 454.28 | AA6: 770 | AB6: ID diff=0.00mm, OD diff=0.00mm
A7: 108687 | B7: DS011-F-0200-0280-0507 | C7: Dust Seal | D7: 011 | E7: Standard (NBR/PU) | F7: 20 | G7: 28 | H7: 5.0-7.0 | I7: 62 | J7: =I7*0.0087 -> 0.5394 | K7: =ROUND(J7*1.5,2) -> 0.81 | L7: =K7*4 -> 3.24 | M7: WR20-28-4-6C-R-H33 | N7: The Hallite 33 wiper has a lip designed to remove lightly adhered dirt from the rod i.e. mud, dust or moisture.Â The wiper is manufactured from a hard nitrile rubber suitable for installing in a grooved housing. Rod diameters(Ã˜d1) of 20mm and below require a two piece housing .Â To prevent dirt passing the outside of the wiper and to reduce the pumping action, the outside diameter is anÂ interference fit with the housing. Certain sizes of the standard Hallite 33 metric range are suitable for ISO 6195Â Housing Type A.Â It should also be noted that the Hallite 33 inch profile differs from the metric profile | O7: Hallite Wiper Seal | P7: HalliteÂ® Type 33 | Q7: 20 | R7: 28 | S7: 4 | T7: 11.74 | U7: =T7-L7 -> 8.5 | V7: 1438.15 | W7: 1438.15 | X7: Get A Quote | Y7: mm | Z7: 1376.15 | AA7: 2219.6 | AB7: ID diff=0.00mm, OD diff=0.00mm
A8: 108688 | B8: DS011-F-0220-0300-0507 | C8: Dust Seal | D8: 011 | E8: Standard (NBR/PU) | F8: 22 | G8: 30 | H8: 5.0-7.0 | I8: 62 | J8: =I8*0.0087 -> 0.5394 | K8: =ROUND(J8*1.5,2) -> 0.81 | L8: =K8*4 -> 3.24 | M8: WR22-30-4-6M-R-H33 | N8: The Hallite 33 wiper has a lip designed to remove lightly adhered dirt from the rod i.e. mud, dust or moisture.Â The wiper is manufactured from a hard nitrile rubber suitable for installing in a grooved housing. Rod diameters(Ã˜d1) of 20mm and below require a two piece housing .Â To prevent dirt passing the outside of the wiper and to reduce the pumping action, the outside diameter is anÂ interference fit with the housing. Certain sizes of the standard Hallite 33 metric range are suitable for ISO 6195Â Housing Type A.Â It should also be noted that the Hallite 33 inch profile differs from the metric profile | O8: Hallite Wiper Seal | P8: HalliteÂ® Type 33 | Q8: 22 | R8: 30 | S8: 4 | T8: 7.14 | U8: =T8-L8 -> 3.9 | V8: 874.65 | W8: 874.65 | X8: 16 | Y8: mm | Z8: 812.65 | AA8: 1310.7 | AB8: ID diff=0.00mm, OD diff=0.00mm
A9: 108689 | B9: DS011-F-0250-0330-0507 | C9: Dust Seal | D9: 011 | E9: Standard (NBR/PU) | F9: 25 | G9: 33 | H9: 5.0-7.0 | I9: 66 | J9: =I9*0.0087 -> 0.5742 | K9: =ROUND(J9*1.5,2) -> 0.86 | L9: =K9*4 -> 3.44 | M9: WR25-33-4-6M-R-H33 | N9: The Hallite 33 wiper has a lip designed to remove lightly adhered dirt from the rod i.e. mud, dust or moisture.Â The wiper is manufactured from a hard nitrile rubber suitable for installing in a grooved housing. Rod diameters(Ã˜d1) of 20mm and below require a two piece housing .Â To prevent dirt passing the outside of the wiper and to reduce the pumping action, the outside diameter is anÂ interference fit with the housing. Certain sizes of the standard Hallite 33 metric range are suitable for ISO 6195Â Housing Type A.Â It should also be noted that the Hallite 33 inch profile differs from the metric profile | O9: Hallite Wiper Seal | P9: HalliteÂ® Type 33 | Q9: 25 | R9: 33 | S9: 4 | T9: 7.87 | U9: =T9-L9 -> 4.43 | V9: 964.08 | W9: 964.08 | X9: Get A Quote | Y9: mm | Z9: 898.08 | AA9: 1360.7 | AB9: ID diff=0.00mm, OD diff=0.00mm
A10: 108690 | B10: DS011-F-0280-0360-0507 | C10: Dust Seal | D10: 011 | E10: Standard (NBR/PU) | F10: 28 | G10: 36 | H10: 5.0-7.0 | I10: 76 | J10: =I10*0.0087 -> 0.6612 | K10: =ROUND(J10*1.5,2) -> 0.99 | L10: =K10*4 -> 3.96 | M10: WR28-36-5-7M-P-H38 | N10: The Hallite 38 single-lipped wiper/scraper is designed to fit metric housingsÂ including those of ISO 6195A. The proportions of the wiping lip ensure that contactÂ is maintained with the surface of the rod to remove heavily deposited containments such as mud and ice. The outside diameter of the wiper incorporates a crush lip to provide an interference fit with the housing. This feature help prevent contamination from entering the groove. The Hallite 38 is molded in a polyester-based material to provide a tough, abrasion_x0002_resistant wiper for the difficult conditions usually found in mining or earth moving applications. The complete range can be used with a split housing, and the majority can be installed in a blind housing with care | O10: Hallite Wiper Seal | P10: HalliteÂ® Type 38 | Q10: 28 | R10: 36 | S10: 5 | T10: 5.53 | U10: =T10-L10 -> 1.57 | V10: 677.42 | W10: 677.42 | X10: 381 | Y10: mm | Z10: 601.42 | AA10: 791.3 | AB10: ID diff=0.00mm, OD diff=0.00mm
A11: 108691 | B11: DS011-F-0300-0380-0507 | C11: Dust Seal | D11: 011 | E11: Standard (NBR/PU) | F11: 30 | G11: 38 | H11: 5.0-7.0 | I11: 76 | J11: =I11*0.0087 -> 0.6612 | K11: =ROUND(J11*1.5,2) -> 0.99 | L11: =K11*4 -> 3.96 | M11: WR30-38-5-7M-P-H38 | N11: The Hallite 38 single-lipped wiper/scraper is designed to fit metric housingsÂ including those of ISO 6195A. The proportions of the wiping lip ensure that contactÂ is maintained with the surface of the rod to remove heavily deposited containments such as mud and ice. The outside diameter of the wiper incorporates a crush lip to provide an interference fit with the housing. This feature help prevent contamination from entering the groove. The Hallite 38 is molded in a polyester-based material to provide a tough, abrasion_x0002_resistant wiper for the difficult conditions usually found in mining or earth moving applications. The complete range can be used with a split housing, and the majority can be installed in a blind housing with care | O11: Hallite Wiper Seal | P11: HalliteÂ® Type 38 | Q11: 30 | R11: 38 | S11: 5 | T11: 5.98 | U11: =T11-L11 -> 2.02 | V11: 732.55 | W11: 732.55 | X11: 138 | Y11: mm | Z11: 656.55 | AA11: 863.9 | AB11: ID diff=0.00mm, OD diff=0.00mm
A12: 108692 | B12: DS011-F-0320-0400-0507 | C12: Dust Seal | D12: 011 | E12: Standard (NBR/PU) | F12: 32 | G12: 40 | H12: 5.0-7.0 | I12: 79 | J12: =I12*0.0087 -> 0.6873 | K12: =ROUND(J12*1.5,2) -> 1.03 | L12: =K12*4 -> 4.12 | M12: WR32-40-5-6.4M-R-H33 | N12: The Hallite 33 wiper has a lip designed to remove lightly adhered dirt from the rod i.e. mud, dust or moisture.Â The wiper is manufactured from a hard nitrile rubber suitable for installing in a grooved housing. Rod diameters(Ã˜d1) of 20mm and below require a two piece housing .Â To prevent dirt passing the outside of the wiper and to reduce the pumping action, the outside diameter is anÂ interference fit with the housing. Certain sizes of the standard Hallite 33 metric range are suitable for ISO 6195Â Housing Type A.Â It should also be noted that the Hallite 33 inch profile differs from the metric profile | O12: Hallite Wiper Seal | P12: HalliteÂ® Type 33 | Q12: 32 | R12: 40 | S12: 5 | T12: 7.49 | U12: =T12-L12 -> 3.37 | V12: 917.52 | W12: 917.52 | X12: 11 | Y12: mm | Z12: 838.52 | AA12: 1061.4 | AB12: ID diff=0.00mm, OD diff=0.00mm
A13: 108693 | B13: DS011-F-0350-0430-0507 | C13: Dust Seal | D13: 011 | E13: Standard (NBR/PU) | F13: 35 | G13: 43 | H13: 5.0-7.0 | I13: 79 | J13: =I13*0.0087 -> 0.6873 | K13: =ROUND(J13*1.5,2) -> 1.03 | L13: =K13*4 -> 4.12 | M13: WR35-43-5-7M-P-H38 | N13: The Hallite 38 single-lipped wiper/scraper is designed to fit metric housingsÂ including those of ISO 6195A. The proportions of the wiping lip ensure that contactÂ is maintained with the surface of the rod to remove heavily deposited containments such as mud and ice. The outside diameter of the wiper incorporates a crush lip to provide an interference fit with the housing. This feature help prevent contamination from entering the groove. The Hallite 38 is molded in a polyester-based material to provide a tough, abrasion_x0002_resistant wiper for the difficult conditions usually found in mining or earth moving applications. The complete range can be used with a split housing, and the majority can be installed in a blind housing with care | O13: Hallite Wiper Seal | P13: HalliteÂ® Type 38 | Q13: 35 | R13: 43 | S13: 5 | T13: 6.64 | U13: =T13-L13 -> 2.52 | V13: 813.4 | W13: 813.4 | X13: 102 | Y13: mm | Z13: 734.4 | AA13: 929.6 | AB13: ID diff=0.00mm, OD diff=0.00mm
A14: 108694 | B14: DS011-F-0360-0440-0507 | C14: Dust Seal | D14: 011 | E14: Standard (NBR/PU) | F14: 36 | G14: 44 | H14: 5.0-7.0 | I14: 84 | J14: =I14*0.0087 -> 0.7308 | K14: =ROUND(J14*1.5,2) -> 1.1 | L14: =K14*4 -> 4.4 | M14: WR36-44-5-7M-P-H38 | N14: The Hallite 38 single-lipped wiper/scraper is designed to fit metric housingsÂ including those of ISO 6195A. The proportions of the wiping lip ensure that contactÂ is maintained with the surface of the rod to remove heavily deposited containments such as mud and ice. The outside diameter of the wiper incorporates a crush lip to provide an interference fit with the housing. This feature help prevent contamination from entering the groove. The Hallite 38 is molded in a polyester-based material to provide a tough, abrasion_x0002_resistant wiper for the difficult conditions usually found in mining or earth moving applications. The complete range can be used with a split housing, and the majority can be installed in a blind housing with care | O14: Hallite Wiper Seal | P14: HalliteÂ® Type 38 | Q14: 36 | R14: 44 | S14: 5 | T14: 6.87 | U14: =T14-L14 -> 2.47 | V14: 841.58 | W14: 841.58 | X14: 103 | Y14: mm | Z14: 757.58 | AA14: 901.9 | AB14: ID diff=0.00mm, OD diff=0.00mm
A15: 112557 | B15: DS011-F-0380-0460-0507 | C15: Dust Seal | D15: 011 | E15: Standard (NBR/PU) | F15: 38 | G15: 46 | H15: 5.0-7.0 | I15: 84 | J15: =I15*0.0087 -> 0.7308 | K15: =ROUND(J15*1.5,2) -> 1.1 | L15: =K15*4 -> 4.4 | M15: WR38-46-5-8A6-P-H842 | N15: The Hallite 842 single-lipped, snap-in rod wiper is developed specifically for use in harsher environments with heavy contamination, such as in agriculture, off-highway, forestry, and long wall mining equipment.The unique feature of the Hallite 842 is the Umbrella Wiper Technologyâ„¢, which is a protective debris guard flap on the wiping lip that entirely covers the gland housing and prevents the water/slurry trap that is common with conventional wipers. This feature offers added protection to the integrity of the hydraulic system, providing increased system life by reducing corrosion and preventing the ingress of contamination into the wiper housing groove and hydraulic cylinder gland.The moulded ribs on the internal diameter provide extra stability to the wiper and help prevent the possibility of blow-out due to pressure trapping between the wiper and the main rod seal. | O15: Hallite Wiper Seal | P15: HalliteÂ® Type 842 | Q15: 38 | R15: 46 | S15: 5 | T15: 20.05 | U15: =T15-L15 -> 15.65 | V15: 2456.12 | W15: 2456.12 | X15: 47 | Y15: mm | Z15: 2372.12 | AA15: 2824 | AB15: ID diff=0.00mm, OD diff=0.00mm
A16: 108695 | B16: DS011-F-0400-0480-0507 | C16: Dust Seal | D16: 011 | E16: Standard (NBR/PU) | F16: 40 | G16: 48 | H16: 5.0-7.0 | I16: 86 | J16: =I16*0.0087 -> 0.7482 | K16: =ROUND(J16*1.5,2) -> 1.12 | L16: =K16*4 -> 4.48 | M16: WR40-48-5-7M-P-H38 | N16: The Hallite 38 single-lipped wiper/scraper is designed to fit metric housingsÂ including those of ISO 6195A. The proportions of the wiping lip ensure that contactÂ is maintained with the surface of the rod to remove heavily deposited containments such as mud and ice. The outside diameter of the wiper incorporates a crush lip to provide an interference fit with the housing. This feature help prevent contamination from entering the groove. The Hallite 38 is molded in a polyester-based material to provide a tough, abrasion_x0002_resistant wiper for the difficult conditions usually found in mining or earth moving applications. The complete range can be used with a split housing, and the majority can be installed in a blind housing with care | O16: Hallite Wiper Seal | P16: HalliteÂ® Type 38 | Q16: 40 | R16: 48 | S16: 5 | T16: 6.87 | U16: =T16-L16 -> 2.39 | V16: 841.58 | W16: 841.58 | X16: 254 | Y16: mm | Z16: 755.58 | AA16: 878.6 | AB16: ID diff=0.00mm, OD diff=0.00mm
A17: 108696 | B17: DS011-F-0420-0500-0507 | C17: Dust Seal | D17: 011 | E17: Standard (NBR/PU) | F17: 42 | G17: 50 | H17: 5.0-7.0 | I17: 86 | J17: =I17*0.0087 -> 0.7482 | K17: =ROUND(J17*1.5,2) -> 1.12 | L17: =K17*4 -> 4.48 | M17: WR162200-018-028M-XL-P-H520 | N17: The Hallite 520 single-lipped, snap-in rod wiper is designed to fitÂ D-style housings. The proportions of the wiping lip ensure that contact isÂ maintained with the surface of the rod to remove heavily deposited containments such as mud and ice. The outside diameter of the wiper incorporates a crush lip to provide an interference fit with the housing and a face bead to ensure that the crush lip is not trapped in the corner of the housing. These features help prevent contamination from entering the groove. The molded ribs on the internal diameter provide extra stability to the wiper and help prevent the possibility of blow-out due to pressure trapping between the wiper and the main rod seal.The standard Hallite 520 is molded in polyurethane for maximum wear resistance and performance. For heavy duty and more complex applications, it is also offered in a wide range of HythaneÂ® polyurethane and polyester materials to provide the best ingression protection. In harsher environments with heavy contamination, the technical team may advise you to use a Hallite 820 wiper for better debris ingress protection. | O17: Hallite Wiper Seal | P17: HalliteÂ® Type 520 | Q17: 41.148 | R17: 50.8 | S17: 4.572 | T17: 3.44 | U17: =T17-L17 -> -1.04 | V17: 421.4 | W17: 421.4 | X17: 99 | Y17: inch→mm | Z17: 335.4 | AA17: 390 | AB17: ID diff=0.85mm, OD diff=0.80mm [inch→mm]
A18: 108698 | B18: DS011-F-0450-0530-0507 | C18: Dust Seal | D18: 011 | E18: Standard (NBR/PU) | F18: 45 | G18: 53 | H18: 5.0-7.0 | I18: 91 | J18: =I18*0.0087 -> 0.7917 | K18: =ROUND(J18*1.5,2) -> 1.19 | L18: =K18*4 -> 4.76 | M18: WR45-53-5-7M-P-H38 | N18: The Hallite 38 single-lipped wiper/scraper is designed to fit metric housingsÂ including those of ISO 6195A. The proportions of the wiping lip ensure that contactÂ is maintained with the surface of the rod to remove heavily deposited containments such as mud and ice. The outside diameter of the wiper incorporates a crush lip to provide an interference fit with the housing. This feature help prevent contamination from entering the groove. The Hallite 38 is molded in a polyester-based material to provide a tough, abrasion_x0002_resistant wiper for the difficult conditions usually found in mining or earth moving applications. The complete range can be used with a split housing, and the majority can be installed in a blind housing with care | O18: Hallite Wiper Seal | P18: HalliteÂ® Type 38 | Q18: 45 | R18: 53 | S18: 5 | T18: 7.1 | U18: =T18-L18 -> 2.34 | V18: 869.75 | W18: 869.75 | X18: 124 | Y18: mm | Z18: 778.75 | AA18: 855.8 | AB18: ID diff=0.00mm, OD diff=0.00mm
A19: 108697 | B19: DS011-F-0450-0550-0507 | C19: Dust Seal | D19: 011 | E19: Standard (NBR/PU) | F19: 45 | G19: 55 | H19: 5.0-7.0 | I19: 104 | J19: =I19*0.0087 -> 0.9048 | K19: =ROUND(J19*1.5,2) -> 1.36 | L19: =K19*4 -> 5.44 | M19: WR45-55-5-7M-P-H38 | N19: The Hallite 38 single-lipped wiper/scraper is designed to fit metric housingsÂ including those of ISO 6195A. The proportions of the wiping lip ensure that contactÂ is maintained with the surface of the rod to remove heavily deposited containments such as mud and ice. The outside diameter of the wiper incorporates a crush lip to provide an interference fit with the housing. This feature help prevent contamination from entering the groove. The Hallite 38 is molded in a polyester-based material to provide a tough, abrasion_x0002_resistant wiper for the difficult conditions usually found in mining or earth moving applications. The complete range can be used with a split housing, and the majority can be installed in a blind housing with care | O19: Hallite Wiper Seal | P19: HalliteÂ® Type 38 | Q19: 45 | R19: 55 | S19: 5 | T19: 10.53 | U19: =T19-L19 -> 5.09 | V19: 1289.92 | W19: 1289.92 | X19: 89 | Y19: mm | Z19: 1185.92 | AA19: 1140.3 | AB19: ID diff=0.00mm, OD diff=0.00mm
A20: 108699 | B20: DS011-F-0500-0580-0507 | C20: Dust Seal | D20: 011 | E20: Standard (NBR/PU) | F20: 50 | G20: 58 | H20: 5.0-7.0 | I20: 94 | J20: =I20*0.0087 -> 0.8178 | K20: =ROUND(J20*1.5,2) -> 1.23 | L20: =K20*4 -> 4.92 | M20: WR50-58-5-7M-R-H33 | N20: The Hallite 33 wiper has a lip designed to remove lightly adhered dirt from the rod i.e. mud, dust or moisture.Â The wiper is manufactured from a hard nitrile rubber suitable for installing in a grooved housing. Rod diameters(Ã˜d1) of 20mm and below require a two piece housing .Â To prevent dirt passing the outside of the wiper and to reduce the pumping action, the outside diameter is anÂ interference fit with the housing. Certain sizes of the standard Hallite 33 metric range are suitable for ISO 6195Â Housing Type A.Â It should also be noted that the Hallite 33 inch profile differs from the metric profile | O20: Hallite Wiper Seal | P20: HalliteÂ® Type 33 | Q20: 50 | R20: 58 | S20: 5 | T20: 10.98 | U20: =T20-L20 -> 6.06 | V20: 1345.05 | W20: 1345.05 | X20: 81 | Y20: mm | Z20: 1251.05 | AA20: 1330.9 | AB20: ID diff=0.00mm, OD diff=0.00mm
A21: 110068 | B21: DS011-F-0500-0600-0308 | C21: Dust Seal | D21: 011 | E21: Standard (NBR/PU) | F21: 50 | G21: 60 | H21: 3.0-8.0 | I21: 119 | J21: =I21*0.0087 -> 1.0353 | K21: =ROUND(J21*1.5,2) -> 1.55 | L21: =K21*4 -> 6.2 | M21: WR50-60-5-7M-P-H38 | N21: The Hallite 38 single-lipped wiper/scraper is designed to fit metric housingsÂ including those of ISO 6195A. The proportions of the wiping lip ensure that contactÂ is maintained with the surface of the rod to remove heavily deposited containments such as mud and ice. The outside diameter of the wiper incorporates a crush lip to provide an interference fit with the housing. This feature help prevent contamination from entering the groove. The Hallite 38 is molded in a polyester-based material to provide a tough, abrasion_x0002_resistant wiper for the difficult conditions usually found in mining or earth moving applications. The complete range can be used with a split housing, and the majority can be installed in a blind housing with care | O21: Hallite Wiper Seal | P21: HalliteÂ® Type 38 | Q21: 50 | R21: 60 | S21: 5 | T21: 8.36 | U21: =T21-L21 -> 2.16 | V21: 1024.1 | W21: 1024.1 | X21: 83 | Y21: mm | Z21: 905.1 | AA21: 760.6 | AB21: ID diff=0.00mm, OD diff=0.00mm
... A31: 108707 | B31: DS011-F-0750-0870-0712 | C31: Dust Seal | D31: 011 | E31: Standard (NBR/PU) | F31: 75 | G31: 87 | H31: 7.0-12.0 | I31: 259 | J31: =I31*0.0087 -> 2.2533 | K31: =ROUND(J31*1.5,2) -> 3.38 | L31: =K31*4 -> 13.52 | M31: WR75-87-6-9M-R-H33 | N31: The Hallite 33 wiper has a lip designed to remove lightly adhered dirt from the rod i.e. mud, dust or moisture.Â The wiper is manufactured from a hard nitrile rubber suitable for installing in a grooved housing. Rod diameters(Ã˜d1) of 20mm and below require a two piece housing .Â To prevent dirt passing the outside of the wiper and to reduce the pumping action, the outside diameter is anÂ interference fit with the housing. Certain sizes of the standard Hallite 33 metric range are suitable for ISO 6195Â Housing Type A.Â It should also be noted that the Hallite 33 inch profile differs from the metric profile | O31: Hallite Wiper Seal | P31: HalliteÂ® Type 33 | Q31: 75 | R31: 87 | S31: 6 | T31: 15.46 | U31: =T31-L31 -> 1.94 | V31: 1893.85 | W31: 1893.85 | X31: 18 | Y31: mm | Z31: 1634.85 | AA31: 631.2 | AB31: ID diff=0.00mm, OD diff=0.00mm
A32: 108708 | B32: DS011-F-0800-0920-0712 | C32: Dust Seal | D32: 011 | E32: Standard (NBR/PU) | F32: 80 | G32: 92 | H32: 7.0-12.0 | I32: 276 | J32: =I32*0.0087 -> 2.4012 | K32: =ROUND(J32*1.5,2) -> 3.6 | L32: =K32*4 -> 14.4 | M32: WR80-92-7.2-12M-P-H38 | N32: The Hallite 38 single-lipped wiper/scraper is designed to fit metric housingsÂ including those of ISO 6195A. The proportions of the wiping lip ensure that contactÂ is maintained with the surface of the rod to remove heavily deposited containments such as mud and ice. The outside diameter of the wiper incorporates a crush lip to provide an interference fit with the housing. This feature help prevent contamination from entering the groove. The Hallite 38 is molded in a polyester-based material to provide a tough, abrasion_x0002_resistant wiper for the difficult conditions usually found in mining or earth moving applications. The complete range can be used with a split housing, and the majority can be installed in a blind housing with care | O32: Hallite Wiper Seal | P32: HalliteÂ® Type 38 | Q32: 80 | R32: 92 | S32: 7.2 | T32: 21.06 | U32: =T32-L32 -> 6.66 | V32: 2579.85 | W32: 2579.85 | X32: Get A Quote | Y32: mm | Z32: 2303.85 | AA32: 834.7 | AB32: ID diff=0.00mm, OD diff=0.00mm
A33: 108709 | B33: DS011-F-0850-0970-0712 | C33: Dust Seal | D33: 011 | E33: Standard (NBR/PU) | F33: 85 | G33: 97 | H33: 7.0-12.0 | I33: 293 | J33: =I33*0.0087 -> 2.5491 | K33: =ROUND(J33*1.5,2) -> 3.82 | L33: =K33*4 -> 15.28 | M33: WR85-97-8-12A6-P-H842 | N33: The Hallite 842 single-lipped, snap-in rod wiper is developed specifically for use in harsher environments with heavy contamination, such as in agriculture, off-highway, forestry, and long wall mining equipment.The unique feature of the Hallite 842 is the Umbrella Wiper Technologyâ„¢, which is a protective debris guard flap on the wiping lip that entirely covers the gland housing and prevents the water/slurry trap that is common with conventional wipers. This feature offers added protection to the integrity of the hydraulic system, providing increased system life by reducing corrosion and preventing the ingress of contamination into the wiper housing groove and hydraulic cylinder gland.The moulded ribs on the internal diameter provide extra stability to the wiper and help prevent the possibility of blow-out due to pressure trapping between the wiper and the main rod seal. | O33: Hallite Wiper Seal | P33: HalliteÂ® Type 842 | Q33: 85 | R33: 97 | S33: 8 | T33: 27.43 | U33: =T33-L33 -> 12.15 | V33: 3360.18 | W33: 3360.18 | X33: 5 | Y33: mm | Z33: 3067.18 | AA33: 1046.8 | AB33: ID diff=0.00mm, OD diff=0.00mm
A34: 108710 | B34: DS011-F-0900-1020-0712 | C34: Dust Seal | D34: 011 | E34: Standard (NBR/PU) | F34: 90 | G34: 102 | H34: 7.0-12.0 | I34: 301 | J34: =I34*0.0087 -> 2.6187 | K34: =ROUND(J34*1.5,2) -> 3.93 | L34: =K34*4 -> 15.72 | M34: WR90-102-7-12M-P-H38 | N34: The Hallite 38 single-lipped wiper/scraper is designed to fit metric housingsÂ including those of ISO 6195A. The proportions of the wiping lip ensure that contactÂ is maintained with the surface of the rod to remove heavily deposited containments such as mud and ice. The outside diameter of the wiper incorporates a crush lip to provide an interference fit with the housing. This feature help prevent contamination from entering the groove. The Hallite 38 is molded in a polyester-based material to provide a tough, abrasion_x0002_resistant wiper for the difficult conditions usually found in mining or earth moving applications. The complete range can be used with a split housing, and the majority can be installed in a blind housing with care | O34: Hallite Wiper Seal | P34: HalliteÂ® Type 38 | Q34: 90 | R34: 102 | S34: 7 | T34: 12.47 | U34: =T34-L34 -> -3.25 | V34: 1527.58 | W34: 1527.58 | X34: 143 | Y34: mm | Z34: 1226.58 | AA34: 407.5 | AB34: ID diff=0.00mm, OD diff=0.00mm
A35: 109128 | B35: DS011-F-0950-1070-0712 | C35: Dust Seal | D35: 011 | E35: Standard (NBR/PU) | F35: 95 | G35: 107 | H35: 7.0-12.0 | I35: 318 | J35: =I35*0.0087 -> 2.7666 | K35: =ROUND(J35*1.5,2) -> 4.15 | L35: =K35*4 -> 16.6 | M35: WR95-107-7-12M-P-H38 | N35: The Hallite 38 single-lipped wiper/scraper is designed to fit metric housingsÂ including those of ISO 6195A. The proportions of the wiping lip ensure that contactÂ is maintained with the surface of the rod to remove heavily deposited containments such as mud and ice. The outside diameter of the wiper incorporates a crush lip to provide an interference fit with the housing. This feature help prevent contamination from entering the groove. The Hallite 38 is molded in a polyester-based material to provide a tough, abrasion_x0002_resistant wiper for the difficult conditions usually found in mining or earth moving applications. The complete range can be used with a split housing, and the majority can be installed in a blind housing with care | O35: Hallite Wiper Seal | P35: HalliteÂ® Type 38 | Q35: 95 | R35: 107 | S35: 7 | T35: 22.9 | U35: =T35-L35 -> 6.3 | V35: 2805.25 | W35: 2805.25 | X35: 31 | Y35: mm | Z35: 2487.25 | AA35: 782.2 | AB35: ID diff=0.00mm, OD diff=0.00mm
A36: 108711 | B36: DS011-F-1000-1120-0712 | C36: Dust Seal | D36: 011 | E36: Standard (NBR/PU) | F36: 100 | G36: 112 | H36: 7.0-12.0 | I36: 326 | J36: =I36*0.0087 -> 2.8362 | K36: =ROUND(J36*1.5,2) -> 4.25 | L36: =K36*4 -> 17 | M36: WR100-112-7.2-12M-P-H38 | N36: The Hallite 38 single-lipped wiper/scraper is designed to fit metric housingsÂ including those of ISO 6195A. The proportions of the wiping lip ensure that contactÂ is maintained with the surface of the rod to remove heavily deposited containments such as mud and ice. The outside diameter of the wiper incorporates a crush lip to provide an interference fit with the housing. This feature help prevent contamination from entering the groove. The Hallite 38 is molded in a polyester-based material to provide a tough, abrasion_x0002_resistant wiper for the difficult conditions usually found in mining or earth moving applications. The complete range can be used with a split housing, and the majority can be installed in a blind housing with care | O36: Hallite Wiper Seal | P36: HalliteÂ® Type 38 | Q36: 100 | R36: 112 | S36: 7.2 | T36: 24.31 | U36: =T36-L36 -> 7.31 | V36: 2977.98 | W36: 2977.98 | X36: 131 | Y36: mm | Z36: 2651.98 | AA36: 813.5 | AB36: ID diff=0.00mm, OD diff=0.00mm
A37: 108713 | B37: DS011-F-1100-1220-0712 | C37: Dust Seal | D37: 011 | E37: Standard (NBR/PU) | F37: 110 | G37: 122 | H37: 7.0-12.0 | I37: 367 | J37: =I37*0.0087 -> 3.1929 | K37: =ROUND(J37*1.5,2) -> 4.79 | L37: =K37*4 -> 19.16 | M37: WR110-122-7.2-12M-P-H38 | N37: The Hallite 38 single-lipped wiper/scraper is designed to fit metric housingsÂ including those of ISO 6195A. The proportions of the wiping lip ensure that contactÂ is maintained with the surface of the rod to remove heavily deposited containments such as mud and ice. The outside diameter of the wiper incorporates a crush lip to provide an interference fit with the housing. This feature help prevent contamination from entering the groove. The Hallite 38 is molded in a polyester-based material to provide a tough, abrasion_x0002_resistant wiper for the difficult conditions usually found in mining or earth moving applications. The complete range can be used with a split housing, and the majority can be installed in a blind housing with care | O37: Hallite Wiper Seal | P37: HalliteÂ® Type 38 | Q37: 110 | R37: 122 | S37: 7.2 | T37: 14.89 | U37: =T37-L37 -> -4.27 | V37: 1824.02 | W37: 1824.02 | X37: 8 | Y37: mm | Z37: 1457.02 | AA37: 397 | AB37: ID diff=0.00mm, OD diff=0.00mm
A38: 109127 | B38: DS011-F-1200-1320-0712 | C38: Dust Seal | D38: 011 | E38: Standard (NBR/PU) | F38: 120 | G38: 132 | H38: 7.0-12.0 | I38: 384 | J38: =I38*0.0087 -> 3.3408 | K38: =ROUND(J38*1.5,2) -> 5.01 | L38: =K38*4 -> 20.04 | M38: WR120-132-7-12M-P-H38 | N38: The Hallite 38 single-lipped wiper/scraper is designed to fit metric housingsÂ including those of ISO 6195A. The proportions of the wiping lip ensure that contactÂ is maintained with the surface of the rod to remove heavily deposited containments such as mud and ice. The outside diameter of the wiper incorporates a crush lip to provide an interference fit with the housing. This feature help prevent contamination from entering the groove. The Hallite 38 is molded in a polyester-based material to provide a tough, abrasion_x0002_resistant wiper for the difficult conditions usually found in mining or earth moving applications. The complete range can be used with a split housing, and the majority can be installed in a blind housing with care | O38: Hallite Wiper Seal | P38: HalliteÂ® Type 38 | Q38: 120 | R38: 132 | S38: 7 | T38: 34.64 | U38: =T38-L38 -> 14.6 | V38: 4243.4 | W38: 4243.4 | X38: 47 | Y38: mm | Z38: 3859.4 | AA38: 1005.1 | AB38: ID diff=0.00mm, OD diff=0.00mm
A39: 108716 | B39: DS011-F-1250-1370-0712 | C39: Dust Seal | D39: 011 | E39: Standard (NBR/PU) | F39: 125 | G39: 137 | H39: 7.0-12.0 | I39: 401 | J39: =I39*0.0087 -> 3.4887 | K39: =ROUND(J39*1.5,2) -> 5.23 | L39: =K39*4 -> 20.92 | M39: WR125-137-7.7-12M-P-H38 | N39: The Hallite 38 single-lipped wiper/scraper is designed to fit metric housingsÂ including those of ISO 6195A. The proportions of the wiping lip ensure that contactÂ is maintained with the surface of the rod to remove heavily deposited containments such as mud and ice. The outside diameter of the wiper incorporates a crush lip to provide an interference fit with the housing. This feature help prevent contamination from entering the groove. The Hallite 38 is molded in a polyester-based material to provide a tough, abrasion_x0002_resistant wiper for the difficult conditions usually found in mining or earth moving applications. The complete range can be used with a split housing, and the majority can be installed in a blind housing with care | O39: Hallite Wiper Seal | P39: HalliteÂ® Type 38 | Q39: 125 | R39: 137 | S39: 7.7 | T39: 35.78 | U39: =T39-L39 -> 14.86 | V39: 4383.05 | W39: 4383.05 | X39: 72 | Y39: mm | Z39: 3982.05 | AA39: 993 | AB39: ID diff=0.00mm, OD diff=0.00mm
A40: 113216 | B40: DS011-F-1250-1400-1016 | C40: Dust Seal | D40: 011 | E40: Standard (NBR/PU) | F40: 125 | G40: 140 | H40: 10.0-16.0 | I40: 634 | J40: =I40*0.0087 -> 5.5158 | K40: =ROUND(J40*1.5,2) -> 8.27 | L40: =K40*4 -> 33.08 | M40: WR125-140-9.5-14M-P-H38 | N40: The Hallite 38 single-lipped wiper/scraper is designed to fit metric housingsÂ including those of ISO 6195A. The proportions of the wiping lip ensure that contactÂ is maintained with the surface of the rod to remove heavily deposited containments such as mud and ice. The outside diameter of the wiper incorporates a crush lip to provide an interference fit with the housing. This feature help prevent contamination from entering the groove. The Hallite 38 is molded in a polyester-based material to provide a tough, abrasion_x0002_resistant wiper for the difficult conditions usually found in mining or earth moving applications. The complete range can be used with a split housing, and the majority can be installed in a blind housing with care | O40: Hallite Wiper Seal | P40: HalliteÂ® Type 38 | Q40: 125 | R40: 140 | S40: 9.5 | T40: 18.98 | U40: =T40-L40 -> -14.1 | V40: 2325.05 | W40: 2325.05 | X40: 213 | Y40: mm | Z40: 1691.05 | AA40: 266.7 | AB40: ID diff=0.00mm, OD diff=0.00mm
A41: 108717 | B41: DS011-F-1300-1420-0712 | C41: Dust Seal | D41: 011 | E41: Standard (NBR/PU) | F41: 130 | G41: 142 | H41: 7.0-12.0 | I41: 426 | J41: =I41*0.0087 -> 3.7062 | K41: =ROUND(J41*1.5,2) -> 5.56 | L41: =K41*4 -> 22.24 | M41: WR130-142-7.2-12M-P-H38 | N41: The Hallite 38 single-lipped wiper/scraper is designed to fit metric housingsÂ including those of ISO 6195A. The proportions of the wiping lip ensure that contactÂ is maintained with the surface of the rod to remove heavily deposited containments such as mud and ice. The outside diameter of the wiper incorporates a crush lip to provide an interference fit with the housing. This feature help prevent contamination from entering the groove. The Hallite 38 is molded in a polyester-based material to provide a tough, abrasion_x0002_resistant wiper for the difficult conditions usually found in mining or earth moving applications. The complete range can be used with a split housing, and the majority can be installed in a blind housing with care | O41: Hallite Wiper Seal | P41: HalliteÂ® Type 38 | Q41: 130 | R41: 142 | S41: 7.2 | T41: 17.97 | U41: =T41-L41 -> -4.27 | V41: 2201.32 | W41: 2201.32 | X41: 26 | Y41: mm | Z41: 1775.32 | AA41: 416.7 | AB41: ID diff=0.00mm, OD diff=0.00mm
A42: 108719 | B42: DS011-F-1400-1520-0712 | C42: Dust Seal | D42: 011 | E42: Standard (NBR/PU) | F42: 140 | G42: 152 | H42: 7.0-12.0 | I42: 443 | J42: =I42*0.0087 -> 3.8541 | K42: =ROUND(J42*1.5,2) -> 5.78 | L42: =K42*4 -> 23.12 | M42: WR140-152-7.7-12M-P-H38 | N42: The Hallite 38 single-lipped wiper/scraper is designed to fit metric housingsÂ including those of ISO 6195A. The proportions of the wiping lip ensure that contactÂ is maintained with the surface of the rod to remove heavily deposited containments such as mud and ice. The outside diameter of the wiper incorporates a crush lip to provide an interference fit with the housing. This feature help prevent contamination from entering the groove. The Hallite 38 is molded in a polyester-based material to provide a tough, abrasion_x0002_resistant wiper for the difficult conditions usually found in mining or earth moving applications. The complete range can be used with a split housing, and the majority can be installed in a blind housing with care | O42: Hallite Wiper Seal | P42: HalliteÂ® Type 38 | Q42: 140 | R42: 152 | S42: 7.7 | T42: 41.68 | U42: =T42-L42 -> 18.56 | V42: 5105.8 | W42: 5105.8 | X42: 5 | Y42: mm | Z42: 4662.8 | AA42: 1052.6 | AB42: ID diff=0.00mm, OD diff=0.00mm
A43: 108720 | B43: DS011-F-1400-1550-1016 | C43: Dust Seal | D43: 011 | E43: Standard (NBR/PU) | F43: 140 | G43: 155 | H43: 10.0-16.0 | I43: 700 | J43: =I43*0.0087 -> 6.09 | K43: =ROUND(J43*1.5,2) -> 9.14 | L43: =K43*4 -> 36.56 | M43: WR140-155-9.5-12.5M-R-H33 | N43: The Hallite 33 wiper has a lip designed to remove lightly adhered dirt from the rod i.e. mud, dust or moisture.Â The wiper is manufactured from a hard nitrile rubber suitable for installing in a grooved housing. Rod diameters(Ã˜d1) of 20mm and below require a two piece housing .Â To prevent dirt passing the outside of the wiper and to reduce the pumping action, the outside diameter is anÂ interference fit with the housing. Certain sizes of the standard Hallite 33 metric range are suitable for ISO 6195Â Housing Type A.Â It should also be noted that the Hallite 33 inch profile differs from the metric profile | O43: Hallite Wiper Seal | P43: HalliteÂ® Type 33 | Q43: 140 | R43: 155 | S43: 9.5 | T43: 33.6 | U43: =T43-L43 -> -2.96 | V43: 4116 | W43: 4116 | X43: 6 | Y43: mm | Z43: 3416 | AA43: 488 | AB43: ID diff=0.00mm, OD diff=0.00mm
A44: 108721 | B44: DS011-F-1500-1620-0712 | C44: Dust Seal | D44: 011 | E44: Standard (NBR/PU) | F44: 150 | G44: 162 | H44: 7.0-12.0 | I44: 476 | J44: =I44*0.0087 -> 4.1412 | K44: =ROUND(J44*1.5,2) -> 6.21 | L44: =K44*4 -> 24.84 | M44: WR150-162-7-12M-P-H38 | N44: The Hallite 38 single-lipped wiper/scraper is designed to fit metric housingsÂ including those of ISO 6195A. The proportions of the wiping lip ensure that contactÂ is maintained with the surface of the rod to remove heavily deposited containments such as mud and ice. The outside diameter of the wiper incorporates a crush lip to provide an interference fit with the housing. This feature help prevent contamination from entering the groove. The Hallite 38 is molded in a polyester-based material to provide a tough, abrasion_x0002_resistant wiper for the difficult conditions usually found in mining or earth moving applications. The complete range can be used with a split housing, and the majority can be installed in a blind housing with care | O44: Hallite Wiper Seal | P44: HalliteÂ® Type 38 | Q44: 150 | R44: 162 | S44: 7 | T44: 23.02 | U44: =T44-L44 -> -1.82 | V44: 2819.95 | W44: 2819.95 | X44: 25 | Y44: mm | Z44: 2343.95 | AA44: 492.4 | AB44: ID diff=0.00mm, OD diff=0.00mm
A45: 108722 | B45: DS011-F-1500-1650-1016 | C45: Dust Seal | D45: 011 | E45: Standard (NBR/PU) | F45: 150 | G45: 165 | H45: 10.0-16.0 | I45: 742 | J45: =I45*0.0087 -> 6.4554 | K45: =ROUND(J45*1.5,2) -> 9.68 | L45: =K45*4 -> 38.72 | M45: WR150-165-7.2-12M-P-H38 | N45: The Hallite 38 single-lipped wiper/scraper is designed to fit metric housingsÂ including those of ISO 6195A. The proportions of the wiping lip ensure that contactÂ is maintained with the surface of the rod to remove heavily deposited containments such as mud and ice. The outside diameter of the wiper incorporates a crush lip to provide an interference fit with the housing. This feature help prevent contamination from entering the groove. The Hallite 38 is molded in a polyester-based material to provide a tough, abrasion_x0002_resistant wiper for the difficult conditions usually found in mining or earth moving applications. The complete range can be used with a split housing, and the majority can be installed in a blind housing with care | O45: Hallite Wiper Seal | P45: HalliteÂ® Type 38 | Q45: 150 | R45: 165 | S45: 7.2 | T45: 22.46 | U45: =T45-L45 -> -16.26 | V45: 2751.35 | W45: 2751.35 | X45: Get A Quote | Y45: mm | Z45: 2009.35 | AA45: 270.8 | AB45: ID diff=0.00mm, OD diff=0.00mm
A46: 108725 | B46: DS011-F-1600-1750-1016 | C46: Dust Seal | D46: 011 | E46: Standard (NBR/PU) | F46: 160 | G46: 175 | H46: 10.0-16.0 | I46: 793 | J46: =I46*0.0087 -> 6.8991 | K46: =ROUND(J46*1.5,2) -> 10.35 | L46: =K46*4 -> 41.4 | M46: WR160-175-9.5-14M-P-H38 | N46: The Hallite 38 single-lipped wiper/scraper is designed to fit metric housingsÂ including those of ISO 6195A. The proportions of the wiping lip ensure that contactÂ is maintained with the surface of the rod to remove heavily deposited containments such as mud and ice. The outside diameter of the wiper incorporates a crush lip to provide an interference fit with the housing. This feature help prevent contamination from entering the groove. The Hallite 38 is molded in a polyester-based material to provide a tough, abrasion_x0002_resistant wiper for the difficult conditions usually found in mining or earth moving applications. The complete range can be used with a split housing, and the majority can be installed in a blind housing with care | O46: Hallite Wiper Seal | P46: HalliteÂ® Type 38 | Q46: 160 | R46: 175 | S46: 9.5 | T46: 24.53 | U46: =T46-L46 -> -16.87 | V46: 3004.92 | W46: 3004.92 | X46: 154 | Y46: mm | Z46: 2211.92 | AA46: 278.9 | AB46: ID diff=0.00mm, OD diff=0.00mm
A47: 106771 | B47: DS011-N-0120-0180-03.8/5 | C47: Dust Seal | D47: 011 | E47: NBR | F47: 12 | G47: 18 | H47: 3.8-5.0 | I47: 25 | J47: =I47*0.0087 -> 0.2175 | K47: =ROUND(J47*1.5,2) -> 0.33 | L47: =K47*4 -> 1.32 | M47: WR12-18-4-7UL-P-H839 | N47: The Hallite 839 double-lipped, snap-in wiper is designed to fit standard housings, including many ISO 6195C sizes, and to exclude dirt and moisture from entering the cylinder. The design minimises the oil transfer out of the ram on the cylinder rod by collecting traces of fluid passing the rod seal.Opposite the wiper lip are two sealing lips that are precision trimmed at an angle to give optimal rod sealing performance. The Hallite 839 is designed to have an interference in the seal housing groove to improve the stability of the wiper in the gland and to reduce the possibility of ingress around the outside of the wiper.Hallite recommends a vent is provided between the seal and the wiper to avoid a pressure trap. For customers that require a wiper for heavier duty applications, the Hallite technical team may advise you to use a Hallite 844 wiper instead of the Hallite 839. Contact your local Hallite team for more information. | O47: Hallite Wiper Seal | P47: HalliteÂ® Type 839 | Q47: 12 | R47: 18 | S47: 4 | T47: 4.28 | U47: =T47-L47 -> 2.96 | V47: 524.3 | W47: 524.3 | X47: 20 | Y47: mm | Z47: 499.3 | AA47: 1997.2 | AB47: ID diff=0.00mm, OD diff=0.00mm
A48: 113057 | B48: DS011-N-0120-0200-0507 | C48: Dust Seal | D48: 011 | E48: NBR | F48: 12 | G48: 20 | H48: 5.0-7.0 | I48: 29 | J48: =I48*0.0087 -> 0.2523 | K48: =ROUND(J48*1.5,2) -> 0.38 | L48: =K48*4 -> 1.52 | M48: WR12-20-4-6M-R-H33 | N48: The Hallite 33 wiper has a lip designed to remove lightly adhered dirt from the rod i.e. mud, dust or moisture.Â The wiper is manufactured from a hard nitrile rubber suitable for installing in a grooved housing. Rod diameters(Ã˜d1) of 20mm and below require a two piece housing .Â To prevent dirt passing the outside of the wiper and to reduce the pumping action, the outside diameter is anÂ interference fit with the housing. Certain sizes of the standard Hallite 33 metric range are suitable for ISO 6195Â Housing Type A.Â It should also be noted that the Hallite 33 inch profile differs from the metric profile | O48: Hallite Wiper Seal | P48: HalliteÂ® Type 33 | Q48: 12 | R48: 20 | S48: 4 | T48: 11.23 | U48: =T48-L48 -> 9.71 | V48: 1375.68 | W48: 1375.68 | X48: 24 | Y48: mm | Z48: 1346.68 | AA48: 4643.7 | AB48: ID diff=0.00mm, OD diff=0.00mm
A49: 179329 | B49: DS011-N-0150-0216-03.8/5.3 | C49: Dust Seal | D49: 011 | E49: NBR | F49: 15 | G49: 21.6 | H49: 3.8-5.3 | I49: 27 | J49: =I49*0.0087 -> 0.2349 | K49: =ROUND(J49*1.5,2) -> 0.35 | L49: =K49*4 -> 1.4 | M49: WR14-22-4-6M-R-H33 | N49: The Hallite 33 wiper has a lip designed to remove lightly adhered dirt from the rod i.e. mud, dust or moisture.Â The wiper is manufactured from a hard nitrile rubber suitable for installing in a grooved housing. Rod diameters(Ã˜d1) of 20mm and below require a two piece housing .Â To prevent dirt passing the outside of the wiper and to reduce the pumping action, the outside diameter is anÂ interference fit with the housing. Certain sizes of the standard Hallite 33 metric range are suitable for ISO 6195Â Housing Type A.Â It should also be noted that the Hallite 33 inch profile differs from the metric profile | O49: Hallite Wiper Seal | P49: HalliteÂ® Type 33 | Q49: 14 | R49: 22 | S49: 4 | T49: 9.43 | U49: =T49-L49 -> 8.03 | V49: 1155.18 | W49: 1155.18 | X49: 7 | Y49: mm | Z49: 1128.18 | AA49: 4178.4 | AB49: ID diff=1.00mm, OD diff=0.40mm
A50: 115054 | B50: DS011-N-0160-0240-03.5/5 | C50: Dust Seal | D50: 011 | E50: NBR | F50: 16 | G50: 24 | H50: 3.5-5.0 | I50: 23 | J50: =I50*0.0087 -> 0.2001 | K50: =ROUND(J50*1.5,2) -> 0.3 | L50: =K50*4 -> 1.2 | M50: WR16-24-4-6M-R-H33 | N50: The Hallite 33 wiper has a lip designed to remove lightly adhered dirt from the rod i.e. mud, dust or moisture.Â The wiper is manufactured from a hard nitrile rubber suitable for installing in a grooved housing. Rod diameters(Ã˜d1) of 20mm and below require a two piece housing .Â To prevent dirt passing the outside of the wiper and to reduce the pumping action, the outside diameter is anÂ interference fit with the housing. Certain sizes of the standard Hallite 33 metric range are suitable for ISO 6195Â Housing Type A.Â It should also be noted that the Hallite 33 inch profile differs from the metric profile | O50: Hallite Wiper Seal | P50: HalliteÂ® Type 33 | Q50: 16 | R50: 24 | S50: 4 | T50: 12.03 | U50: =T50-L50 -> 10.83 | V50: 1473.68 | W50: 1473.68 | X50: 34 | Y50: mm | Z50: 1450.68 | AA50: 6307.3 | AB50: ID diff=0.00mm, OD diff=0.00mm
A51: 110845 | B51: DS011-N-0160-0240-0507 | C51: Dust Seal | D51: 011 | E51: NBR | F51: 16 | G51: 24 | H51: 5.0-7.0 | I51: 29 | J51: =I51*0.0087 -> 0.2523 | K51: =ROUND(J51*1.5,2) -> 0.38 | L51: =K51*4 -> 1.52 | M51: WR16-24-4-6M-R-H33 | N51: The Hallite 33 wiper has a lip designed to remove lightly adhered dirt from the rod i.e. mud, dust or moisture.Â The wiper is manufactured from a hard nitrile rubber suitable for installing in a grooved housing. Rod diameters(Ã˜d1) of 20mm and below require a two piece housing .Â To prevent dirt passing the outside of the wiper and to reduce the pumping action, the outside diameter is anÂ interference fit with the housing. Certain sizes of the standard Hallite 33 metric range are suitable for ISO 6195Â Housing Type A.Â It should also be noted that the Hallite 33 inch profile differs from the metric profile | O51: Hallite Wiper Seal | P51: HalliteÂ® Type 33 | Q51: 16 | R51: 24 | S51: 4 | T51: 12.03 | U51: =T51-L51 -> 10.51 | V51: 1473.68 | W51: 1473.68 | X51: 34 | Y51: mm | Z51: 1444.68 | AA51: 4981.7 | AB51: ID diff=0.00mm, OD diff=0.00mm
A52: 121527 | B52: DS011-N-0180-0246-038053 | C52: Dust Seal | D52: 011 | E52: NBR | F52: 18 | G52: 24.6 | H52: 38053.0 | I52: 25 | J52: =I52*0.0087 -> 0.2175 | K52: =ROUND(J52*1.5,2) -> 0.33 | L52: =K52*4 -> 1.32 | M52: WR18-24-5-7M-P-H38 | N52: The Hallite 38 single-lipped wiper/scraper is designed to fit metric housingsÂ including those of ISO 6195A. The proportions of the wiping lip ensure that contactÂ is maintained with the surface of the rod to remove heavily deposited containments such as mud and ice. The outside diameter of the wiper incorporates a crush lip to provide an interference fit with the housing. This feature help prevent contamination from entering the groove. The Hallite 38 is molded in a polyester-based material to provide a tough, abrasion_x0002_resistant wiper for the difficult conditions usually found in mining or earth moving applications. The complete range can be used with a split housing, and the majority can be installed in a blind housing with care | O52: Hallite Wiper Seal | P52: HalliteÂ® Type 38 | Q52: 18 | R52: 24 | S52: 5 | T52: 4.15 | U52: =T52-L52 -> 2.83 | V52: 508.38 | W52: 508.38 | X52: 127 | Y52: mm | Z52: 483.38 | AA52: 1933.5 | AB52: ID diff=0.00mm, OD diff=0.60mm
A53: 106775 | B53: DS011-N-0180-0260-0507 | C53: Dust Seal | D53: 011 | E53: NBR | F53: 18 | G53: 26 | H53: 5.0-7.0 | I53: 25 | J53: =I53*0.0087 -> 0.2175 | K53: =ROUND(J53*1.5,2) -> 0.33 | L53: =K53*4 -> 1.32 | M53: WR18-26-4-6M-R-H33 | N53: The Hallite 33 wiper has a lip designed to remove lightly adhered dirt from the rod i.e. mud, dust or moisture.Â The wiper is manufactured from a hard nitrile rubber suitable for installing in a grooved housing. Rod diameters(Ã˜d1) of 20mm and below require a two piece housing .Â To prevent dirt passing the outside of the wiper and to reduce the pumping action, the outside diameter is anÂ interference fit with the housing. Certain sizes of the standard Hallite 33 metric range are suitable for ISO 6195Â Housing Type A.Â It should also be noted that the Hallite 33 inch profile differs from the metric profile | O53: Hallite Wiper Seal | P53: HalliteÂ® Type 33 | Q53: 18 | R53: 26 | S53: 4 | T53: 4.19 | U53: =T53-L53 -> 2.87 | V53: 513.28 | W53: 513.28 | X53: 55 | Y53: mm | Z53: 488.28 | AA53: 1953.1 | AB53: ID diff=0.00mm, OD diff=0.00mm
A54: 197001 | B54: DS011-N-0180-0280-05.3/8 | C54: Dust Seal | D54: 011 | E54: NBR | F54: 18 | G54: 28 | H54: 5.3-8.0 | I54: 27 | J54: =I54*0.0087 -> 0.2349 | K54: =ROUND(J54*1.5,2) -> 0.35 | L54: =K54*4 -> 1.4 | M54: WR18-28-7-10MC-P-H860 | N54: The Hallite 860 single-lipped, metal-cased wiper is designed to press fit into open groove housings for a wide range of applications.Â The precision trimmed polyurethane wiping element is securely bonded to a metal case treated to inhibit rust. The proportions of the polyurethane wiping lip follow the side movement of the rod to clear away heavily deposited dirt and make this wiper an excellent choice for dirty conditions. | O54: Hallite Wiper Seal | P54: HalliteÂ® Type 860 | Q54: 18 | R54: 28 | S54: 7 | T54: 4.32 | U54: =T54-L54 -> 2.92 | V54: 529.2 | W54: 529.2 | X54: 3 | Y54: mm | Z54: 502.2 | AA54: 1860 | AB54: ID diff=0.00mm, OD diff=0.00mm
A55: 106474 | B55: DS011-N-0200-0280-0507 | C55: Dust Seal | D55: 011 | E55: NBR | F55: 20 | G55: 28 | H55: 5.0-7.0 | I55: 25 | J55: =I55*0.0087 -> 0.2175 | K55: =ROUND(J55*1.5,2) -> 0.33 | L55: =K55*4 -> 1.32 | M55: WR20-28-4-6C-R-H33 | N55: The Hallite 33 wiper has a lip designed to remove lightly adhered dirt from the rod i.e. mud, dust or moisture.Â The wiper is manufactured from a hard nitrile rubber suitable for installing in a grooved housing. Rod diameters(Ã˜d1) of 20mm and below require a two piece housing .Â To prevent dirt passing the outside of the wiper and to reduce the pumping action, the outside diameter is anÂ interference fit with the housing. Certain sizes of the standard Hallite 33 metric range are suitable for ISO 6195Â Housing Type A.Â It should also be noted that the Hallite 33 inch profile differs from the metric profile | O55: Hallite Wiper Seal | P55: HalliteÂ® Type 33 | Q55: 20 | R55: 28 | S55: 4 | T55: 11.74 | U55: =T55-L55 -> 10.42 | V55: 1438.15 | W55: 1438.15 | X55: Get A Quote | Y55: mm | Z55: 1413.15 | AA55: 5652.6 | AB55: ID diff=0.00mm, OD diff=0.00mm
A56: 106776 | B56: DS011-N-0220-0300-0507 | C56: Dust Seal | D56: 011 | E56: NBR | F56: 22 | G56: 30 | H56: 5.0-7.0 | I56: 25 | J56: =I56*0.0087 -> 0.2175 | K56: =ROUND(J56*1.5,2) -> 0.33 | L56: =K56*4 -> 1.32 | M56: WR22-30-4-6M-R-H33 | N56: The Hallite 33 wiper has a lip designed to remove lightly adhered dirt from the rod i.e. mud, dust or moisture.Â The wiper is manufactured from a hard nitrile rubber suitable for installing in a grooved housing. Rod diameters(Ã˜d1) of 20mm and below require a two piece housing .Â To prevent dirt passing the outside of the wiper and to reduce the pumping action, the outside diameter is anÂ interference fit with the housing. Certain sizes of the standard Hallite 33 metric range are suitable for ISO 6195Â Housing Type A.Â It should also be noted that the Hallite 33 inch profile differs from the metric profile | O56: Hallite Wiper Seal | P56: HalliteÂ® Type 33 | Q56: 22 | R56: 30 | S56: 4 | T56: 7.14 | U56: =T56-L56 -> 5.82 | V56: 874.65 | W56: 874.65 | X56: 16 | Y56: mm | Z56: 849.65 | AA56: 3398.6 | AB56: ID diff=0.00mm, OD diff=0.00mm
A57: 136145 | B57: DS011-N-0250-0330-0406 | C57: Dust Seal | D57: 011 | E57: NBR | F57: 25 | G57: 33 | H57: 4.0-6.0 | I57: 25 | J57: =I57*0.0087 -> 0.2175 | K57: =ROUND(J57*1.5,2) -> 0.33 | L57: =K57*4 -> 1.32 | M57: WR25-33-4-6M-R-H33 | N57: The Hallite 33 wiper has a lip designed to remove lightly adhered dirt from the rod i.e. mud, dust or moisture.Â The wiper is manufactured from a hard nitrile rubber suitable for installing in a grooved housing. Rod diameters(Ã˜d1) of 20mm and below require a two piece housing .Â To prevent dirt passing the outside of the wiper and to reduce the pumping action, the outside diameter is anÂ interference fit with the housing. Certain sizes of the standard Hallite 33 metric range are suitable for ISO 6195Â Housing Type A.Â It should also be noted that the Hallite 33 inch profile differs from the metric profile | O57: Hallite Wiper Seal | P57: HalliteÂ® Type 33 | Q57: 25 | R57: 33 | S57: 4 | T57: 7.87 | U57: =T57-L57 -> 6.55 | V57: 964.08 | W57: 964.08 | X57: Get A Quote | Y57: mm | Z57: 939.08 | AA57: 3756.3 | AB57: ID diff=0.00mm, OD diff=0.00mm
A58: 106697 | B58: DS011-N-0250-0330-0507 | C58: Dust Seal | D58: 011 | E58: NBR | F58: 25 | G58: 33 | H58: 5.0-7.0 | I58: 25 | J58: =I58*0.0087 -> 0.2175 | K58: =ROUND(J58*1.5,2) -> 0.33 | L58: =K58*4 -> 1.32 | M58: WR25-33-4-6M-R-H33 | N58: The Hallite 33 wiper has a lip designed to remove lightly adhered dirt from the rod i.e. mud, dust or moisture.Â The wiper is manufactured from a hard nitrile rubber suitable for installing in a grooved housing. Rod diameters(Ã˜d1) of 20mm and below require a two piece housing .Â To prevent dirt passing the outside of the wiper and to reduce the pumping action, the outside diameter is anÂ interference fit with the housing. Certain sizes of the standard Hallite 33 metric range are suitable for ISO 6195Â Housing Type A.Â It should also be noted that the Hallite 33 inch profile differs from the metric profile | O58: Hallite Wiper Seal | P58: HalliteÂ® Type 33 | Q58: 25 | R58: 33 | S58: 4 | T58: 7.87 | U58: =T58-L58 -> 6.55 | V58: 964.08 | W58: 964.08 | X58: Get A Quote | Y58: mm | Z58: 939.08 | AA58: 3756.3 | AB58: ID diff=0.00mm, OD diff=0.00mm
A59: 106777 | B59: DS011-N-0280-0360-0507 | C59: Dust Seal | D59: 011 | E59: NBR | F59: 28 | G59: 36 | H59: 5.0-7.0 | I59: 34 | J59: =I59*0.0087 -> 0.2958 | K59: =ROUND(J59*1.5,2) -> 0.44 | L59: =K59*4 -> 1.76 | M59: WR28-36-5-7M-P-H38 | N59: The Hallite 38 single-lipped wiper/scraper is designed to fit metric housingsÂ including those of ISO 6195A. The proportions of the wiping lip ensure that contactÂ is maintained with the surface of the rod to remove heavily deposited containments such as mud and ice. The outside diameter of the wiper incorporates a crush lip to provide an interference fit with the housing. This feature help prevent contamination from entering the groove. The Hallite 38 is molded in a polyester-based material to provide a tough, abrasion_x0002_resistant wiper for the difficult conditions usually found in mining or earth moving applications. The complete range can be used with a split housing, and the majority can be installed in a blind housing with care | O59: Hallite Wiper Seal | P59: HalliteÂ® Type 38 | Q59: 28 | R59: 36 | S59: 5 | T59: 5.53 | U59: =T59-L59 -> 3.77 | V59: 677.42 | W59: 677.42 | X59: 381 | Y59: mm | Z59: 643.42 | AA59: 1892.4 | AB59: ID diff=0.00mm, OD diff=0.00mm
A60: 111445 | B60: DS011-N-0280-0380-0507 | C60: Dust Seal | D60: 011 | E60: NBR | F60: 28 | G60: 38 | H60: 5.0-7.0 | I60: 35 | J60: =I60*0.0087 -> 0.3045 | K60: =ROUND(J60*1.5,2) -> 0.46 | L60: =K60*4 -> 1.84 | M60: WR112150-018-028M-XL-P-H520 | N60: The Hallite 520 single-lipped, snap-in rod wiper is designed to fitÂ D-style housings. The proportions of the wiping lip ensure that contact isÂ maintained with the surface of the rod to remove heavily deposited containments such as mud and ice. The outside diameter of the wiper incorporates a crush lip to provide an interference fit with the housing and a face bead to ensure that the crush lip is not trapped in the corner of the housing. These features help prevent contamination from entering the groove. The molded ribs on the internal diameter provide extra stability to the wiper and help prevent the possibility of blow-out due to pressure trapping between the wiper and the main rod seal.The standard Hallite 520 is molded in polyurethane for maximum wear resistance and performance. For heavy duty and more complex applications, it is also offered in a wide range of HythaneÂ® polyurethane and polyester materials to provide the best ingression protection. In harsher environments with heavy contamination, the technical team may advise you to use a Hallite 820 wiper for better debris ingress protection. | O60: Hallite Wiper Seal | P60: HalliteÂ® Type 520 | Q60: 28.448 | R60: 38.1 | S60: 4.572 | T60: 2.16 | U60: =T60-L60 -> 0.32 | V60: 264.6 | W60: 264.6 | X60: 3 | Y60: inch→mm | Z60: 229.6 | AA60: 656 | AB60: ID diff=0.45mm, OD diff=0.10mm [inch→mm]
A61: 106475 | B61: DS011-N-0300-0380-0507 | C61: Dust Seal | D61: 011 | E61: NBR | F61: 30 | G61: 38 | H61: 5.0-7.0 | I61: 34 | J61: =I61*0.0087 -> 0.2958 | K61: =ROUND(J61*1.5,2) -> 0.44 | L61: =K61*4 -> 1.76 | M61: WR30-38-5-7M-P-H38 | N61: The Hallite 38 single-lipped wiper/scraper is designed to fit metric housingsÂ including those of ISO 6195A. The proportions of the wiping lip ensure that contactÂ is maintained with the surface of the rod to remove heavily deposited containments such as mud and ice. The outside diameter of the wiper incorporates a crush lip to provide an interference fit with the housing. This feature help prevent contamination from entering the groove. The Hallite 38 is molded in a polyester-based material to provide a tough, abrasion_x0002_resistant wiper for the difficult conditions usually found in mining or earth moving applications. The complete range can be used with a split housing, and the majority can be installed in a blind housing with care | O61: Hallite Wiper Seal | P61: HalliteÂ® Type 38 | Q61: 30 | R61: 38 | S61: 5 | T61: 5.98 | U61: =T61-L61 -> 4.22 | V61: 732.55 | W61: 732.55 | X61: 138 | Y61: mm | Z61: 698.55 | AA61: 2054.6 | AB61: ID diff=0.00mm, OD diff=0.00mm
A62: 136919 | B62: DS011-N-0300-0400-0507 | C62: Dust Seal | D62: 011 | E62: NBR | F62: 30 | G62: 40 | H62: 5.0-7.0 | I62: 35 | J62: =I62*0.0087 -> 0.3045 | K62: =ROUND(J62*1.5,2) -> 0.46 | L62: =K62*4 -> 1.84 | M62: WR30-40-5-8MC-P-H860 | N62: The Hallite 860 single-lipped, metal-cased wiper is designed to press fit into open groove housings for a wide range of applications.Â The precision trimmed polyurethane wiping element is securely bonded to a metal case treated to inhibit rust. The proportions of the polyurethane wiping lip follow the side movement of the rod to clear away heavily deposited dirt and make this wiper an excellent choice for dirty conditions. | O62: Hallite Wiper Seal | P62: HalliteÂ® Type 860 | Q62: 30 | R62: 40 | S62: 5 | T62: 7.78 | U62: =T62-L62 -> 5.94 | V62: 953.05 | W62: 953.05 | X62: 148 | Y62: mm | Z62: 918.05 | AA62: 2623 | AB62: ID diff=0.00mm, OD diff=0.00mm
A63: 137294 | B63: DS011-N-0300-0420-0609 | C63: Dust Seal | D63: 011 | E63: NBR | F63: 30 | G63: 42 | H63: 6.0-9.0 | I63: 40 | J63: =I63*0.0087 -> 0.348 | K63: =ROUND(J63*1.5,2) -> 0.52 | L63: =K63*4 -> 2.08 | M63: WR30-42-6-9M-R-H33 | N63: The Hallite 33 wiper has a lip designed to remove lightly adhered dirt from the rod i.e. mud, dust or moisture.Â The wiper is manufactured from a hard nitrile rubber suitable for installing in a grooved housing. Rod diameters(Ã˜d1) of 20mm and below require a two piece housing .Â To prevent dirt passing the outside of the wiper and to reduce the pumping action, the outside diameter is anÂ interference fit with the housing. Certain sizes of the standard Hallite 33 metric range are suitable for ISO 6195Â Housing Type A.Â It should also be noted that the Hallite 33 inch profile differs from the metric profile | O63: Hallite Wiper Seal | P63: HalliteÂ® Type 33 | Q63: 30 | R63: 42 | S63: 6 | T63: 4.43 | U63: =T63-L63 -> 2.35 | V63: 542.67 | W63: 542.67 | X63: Get A Quote | Y63: mm | Z63: 502.67 | AA63: 1256.7 | AB63: ID diff=0.00mm, OD diff=0.00mm
A64: 106778 | B64: DS011-N-0320-0400-0507 | C64: Dust Seal | D64: 011 | E64: NBR | F64: 32 | G64: 40 | H64: 5.0-7.0 | I64: 34 | J64: =I64*0.0087 -> 0.2958 | K64: =ROUND(J64*1.5,2) -> 0.44 | L64: =K64*4 -> 1.76 | M64: WR32-40-5-6.4M-R-H33 | N64: The Hallite 33 wiper has a lip designed to remove lightly adhered dirt from the rod i.e. mud, dust or moisture.Â The wiper is manufactured from a hard nitrile rubber suitable for installing in a grooved housing. Rod diameters(Ã˜d1) of 20mm and below require a two piece housing .Â To prevent dirt passing the outside of the wiper and to reduce the pumping action, the outside diameter is anÂ interference fit with the housing. Certain sizes of the standard Hallite 33 metric range are suitable for ISO 6195Â Housing Type A.Â It should also be noted that the Hallite 33 inch profile differs from the metric profile | O64: Hallite Wiper Seal | P64: HalliteÂ® Type 33 | Q64: 32 | R64: 40 | S64: 5 | T64: 7.49 | U64: =T64-L64 -> 5.73 | V64: 917.52 | W64: 917.52 | X64: 11 | Y64: mm | Z64: 883.52 | AA64: 2598.6 | AB64: ID diff=0.00mm, OD diff=0.00mm
A65: 106779 | B65: DS011-N-0350-0430-0507 | C65: Dust Seal | D65: 011 | E65: NBR | F65: 35 | G65: 43 | H65: 5.0-7.0 | I65: 34 | J65: =I65*0.0087 -> 0.2958 | K65: =ROUND(J65*1.5,2) -> 0.44 | L65: =K65*4 -> 1.76 | M65: WR35-43-5-7M-P-H38 | N65: The Hallite 38 single-lipped wiper/scraper is designed to fit metric housingsÂ including those of ISO 6195A. The proportions of the wiping lip ensure that contactÂ is maintained with the surface of the rod to remove heavily deposited containments such as mud and ice. The outside diameter of the wiper incorporates a crush lip to provide an interference fit with the housing. This feature help prevent contamination from entering the groove. The Hallite 38 is molded in a polyester-based material to provide a tough, abrasion_x0002_resistant wiper for the difficult conditions usually found in mining or earth moving applications. The complete range can be used with a split housing, and the majority can be installed in a blind housing with care | O65: Hallite Wiper Seal | P65: HalliteÂ® Type 38 | Q65: 35 | R65: 43 | S65: 5 | T65: 6.64 | U65: =T65-L65 -> 4.88 | V65: 813.4 | W65: 813.4 | X65: 102 | Y65: mm | Z65: 779.4 | AA65: 2292.4 | AB65: ID diff=0.00mm, OD diff=0.00mm
A66: 126558 | B66: DS011-N-0350-0450-0308 | C66: Dust Seal | D66: 011 | E66: NBR | F66: 35 | G66: 45 | H66: 3.0-8.0 | I66: 39 | J66: =I66*0.0087 -> 0.3393 | K66: =ROUND(J66*1.5,2) -> 0.51 | L66: =K66*4 -> 2.04 | M66: WR35-45-7-10MC-P-H860 | N66: The Hallite 860 single-lipped, metal-cased wiper is designed to press fit into open groove housings for a wide range of applications.Â The precision trimmed polyurethane wiping element is securely bonded to a metal case treated to inhibit rust. The proportions of the polyurethane wiping lip follow the side movement of the rod to clear away heavily deposited dirt and make this wiper an excellent choice for dirty conditions. | O66: Hallite Wiper Seal | P66: HalliteÂ® Type 860 | Q66: 35 | R66: 45 | S66: 7 | T66: 8.29 | U66: =T66-L66 -> 6.25 | V66: 1015.52 | W66: 1015.52 | X66: 25 | Y66: mm | Z66: 976.52 | AA66: 2503.9 | AB66: ID diff=0.00mm, OD diff=0.00mm
A67: 106780 | B67: DS011-N-0360-0440-0507 | C67: Dust Seal | D67: 011 | E67: NBR | F67: 36 | G67: 44 | H67: 5.0-7.0 | I67: 34 | J67: =I67*0.0087 -> 0.2958 | K67: =ROUND(J67*1.5,2) -> 0.44 | L67: =K67*4 -> 1.76 | M67: WR36-44-5-7M-P-H38 | N67: The Hallite 38 single-lipped wiper/scraper is designed to fit metric housingsÂ including those of ISO 6195A. The proportions of the wiping lip ensure that contactÂ is maintained with the surface of the rod to remove heavily deposited containments such as mud and ice. The outside diameter of the wiper incorporates a crush lip to provide an interference fit with the housing. This feature help prevent contamination from entering the groove. The Hallite 38 is molded in a polyester-based material to provide a tough, abrasion_x0002_resistant wiper for the difficult conditions usually found in mining or earth moving applications. The complete range can be used with a split housing, and the majority can be installed in a blind housing with care | O67: Hallite Wiper Seal | P67: HalliteÂ® Type 38 | Q67: 36 | R67: 44 | S67: 5 | T67: 6.87 | U67: =T67-L67 -> 5.11 | V67: 841.58 | W67: 841.58 | X67: 103 | Y67: mm | Z67: 807.58 | AA67: 2375.2 | AB67: ID diff=0.00mm, OD diff=0.00mm
A68: 126524 | B68: DS011-N-0360-0460-0507 | C68: Dust Seal | D68: 011 | E68: NBR | F68: 36 | G68: 46 | H68: 5.0-7.0 | I68: 37 | J68: =I68*0.0087 -> 0.3219 | K68: =ROUND(J68*1.5,2) -> 0.48 | L68: =K68*4 -> 1.92 | M68: WR35-47-6-9M-R-H33 | N68: The Hallite 33 wiper has a lip designed to remove lightly adhered dirt from the rod i.e. mud, dust or moisture.Â The wiper is manufactured from a hard nitrile rubber suitable for installing in a grooved housing. Rod diameters(Ã˜d1) of 20mm and below require a two piece housing .Â To prevent dirt passing the outside of the wiper and to reduce the pumping action, the outside diameter is anÂ interference fit with the housing. Certain sizes of the standard Hallite 33 metric range are suitable for ISO 6195Â Housing Type A.Â It should also be noted that the Hallite 33 inch profile differs from the metric profile | O68: Hallite Wiper Seal | P68: HalliteÂ® Type 33 | Q68: 35 | R68: 47 | S68: 6 | T68: 10.89 | U68: =T68-L68 -> 8.97 | V68: 1334.02 | W68: 1334.02 | X68: 98 | Y68: mm | Z68: 1297.02 | AA68: 3505.5 | AB68: ID diff=1.00mm, OD diff=1.00mm
A69: 109281 | B69: DS011-N-0380-0460-0507 | C69: Dust Seal | D69: 011 | E69: NBR | F69: 38 | G69: 46 | H69: 5.0-7.0 | I69: 34 | J69: =I69*0.0087 -> 0.2958 | K69: =ROUND(J69*1.5,2) -> 0.44 | L69: =K69*4 -> 1.76 | M69: WR38-46-5-8A6-P-H842 | N69: The Hallite 842 single-lipped, snap-in rod wiper is developed specifically for use in harsher environments with heavy contamination, such as in agriculture, off-highway, forestry, and long wall mining equipment.The unique feature of the Hallite 842 is the Umbrella Wiper Technologyâ„¢, which is a protective debris guard flap on the wiping lip that entirely covers the gland housing and prevents the water/slurry trap that is common with conventional wipers. This feature offers added protection to the integrity of the hydraulic system, providing increased system life by reducing corrosion and preventing the ingress of contamination into the wiper housing groove and hydraulic cylinder gland.The moulded ribs on the internal diameter provide extra stability to the wiper and help prevent the possibility of blow-out due to pressure trapping between the wiper and the main rod seal. | O69: Hallite Wiper Seal | P69: HalliteÂ® Type 842 | Q69: 38 | R69: 46 | S69: 5 | T69: 20.05 | U69: =T69-L69 -> 18.29 | V69: 2456.12 | W69: 2456.12 | X69: 47 | Y69: mm | Z69: 2422.12 | AA69: 7123.9 | AB69: ID diff=0.00mm, OD diff=0.00mm
A70: 106781 | B70: DS011-N-0400-0480-0507 | C70: Dust Seal | D70: 011 | E70: NBR | F70: 40 | G70: 48 | H70: 5.0-7.0 | I70: 35 | J70: =I70*0.0087 -> 0.3045 | K70: =ROUND(J70*1.5,2) -> 0.46 | L70: =K70*4 -> 1.84 | M70: WR40-48-5-7M-P-H38 | N70: The Hallite 38 single-lipped wiper/scraper is designed to fit metric housingsÂ including those of ISO 6195A. The proportions of the wiping lip ensure that contactÂ is maintained with the surface of the rod to remove heavily deposited containments such as mud and ice. The outside diameter of the wiper incorporates a crush lip to provide an interference fit with the housing. This feature help prevent contamination from entering the groove. The Hallite 38 is molded in a polyester-based material to provide a tough, abrasion_x0002_resistant wiper for the difficult conditions usually found in mining or earth moving applications. The complete range can be used with a split housing, and the majority can be installed in a blind housing with care | O70: Hallite Wiper Seal | P70: HalliteÂ® Type 38 | Q70: 40 | R70: 48 | S70: 5 | T70: 6.87 | U70: =T70-L70 -> 5.03 | V70: 841.58 | W70: 841.58 | X70: 254 | Y70: mm | Z70: 806.58 | AA70: 2304.5 | AB70: ID diff=0.00mm, OD diff=0.00mm
A71: 106782 | B71: DS011-N-0420-0500-0507 | C71: Dust Seal | D71: 011 | E71: NBR | F71: 42 | G71: 50 | H71: 5.0-7.0 | I71: 35 | J71: =I71*0.0087 -> 0.3045 | K71: =ROUND(J71*1.5,2) -> 0.46 | L71: =K71*4 -> 1.84 | M71: WR162200-018-028M-XL-P-H520 | N71: The Hallite 520 single-lipped, snap-in rod wiper is designed to fitÂ D-style housings. The proportions of the wiping lip ensure that contact isÂ maintained with the surface of the rod to remove heavily deposited containments such as mud and ice. The outside diameter of the wiper incorporates a crush lip to provide an interference fit with the housing and a face bead to ensure that the crush lip is not trapped in the corner of the housing. These features help prevent contamination from entering the groove. The molded ribs on the internal diameter provide extra stability to the wiper and help prevent the possibility of blow-out due to pressure trapping between the wiper and the main rod seal.The standard Hallite 520 is molded in polyurethane for maximum wear resistance and performance. For heavy duty and more complex applications, it is also offered in a wide range of HythaneÂ® polyurethane and polyester materials to provide the best ingression protection. In harsher environments with heavy contamination, the technical team may advise you to use a Hallite 820 wiper for better debris ingress protection. | O71: Hallite Wiper Seal | P71: HalliteÂ® Type 520 | Q71: 41.148 | R71: 50.8 | S71: 4.572 | T71: 3.44 | U71: =T71-L71 -> 1.6 | V71: 421.4 | W71: 421.4 | X71: 99 | Y71: inch→mm | Z71: 386.4 | AA71: 1104 | AB71: ID diff=0.85mm, OD diff=0.80mm [inch→mm]
A72: 116606 | B72: DS011-N-0450-0530-0507 | C72: Dust Seal | D72: 011 | E72: NBR | F72: 45 | G72: 53 | H72: 5.0-7.0 | I72: 35 | J72: =I72*0.0087 -> 0.3045 | K72: =ROUND(J72*1.5,2) -> 0.46 | L72: =K72*4 -> 1.84 | M72: WR45-53-5-7M-P-H38 | N72: The Hallite 38 single-lipped wiper/scraper is designed to fit metric housingsÂ including those of ISO 6195A. The proportions of the wiping lip ensure that contactÂ is maintained with the surface of the rod to remove heavily deposited containments such as mud and ice. The outside diameter of the wiper incorporates a crush lip to provide an interference fit with the housing. This feature help prevent contamination from entering the groove. The Hallite 38 is molded in a polyester-based material to provide a tough, abrasion_x0002_resistant wiper for the difficult conditions usually found in mining or earth moving applications. The complete range can be used with a split housing, and the majority can be installed in a blind housing with care | O72: Hallite Wiper Seal | P72: HalliteÂ® Type 38 | Q72: 45 | R72: 53 | S72: 5 | T72: 7.1 | U72: =T72-L72 -> 5.26 | V72: 869.75 | W72: 869.75 | X72: 124 | Y72: mm | Z72: 834.75 | AA72: 2385 | AB72: ID diff=0.00mm, OD diff=0.00mm
A73: 106783 | B73: DS011-N-0450-0550-0507 | C73: Dust Seal | D73: 011 | E73: NBR | F73: 45 | G73: 55 | H73: 5.0-7.0 | I73: 39 | J73: =I73*0.0087 -> 0.3393 | K73: =ROUND(J73*1.5,2) -> 0.51 | L73: =K73*4 -> 2.04 | M73: WR45-55-5-7M-P-H38 | N73: The Hallite 38 single-lipped wiper/scraper is designed to fit metric housingsÂ including those of ISO 6195A. The proportions of the wiping lip ensure that contactÂ is maintained with the surface of the rod to remove heavily deposited containments such as mud and ice. The outside diameter of the wiper incorporates a crush lip to provide an interference fit with the housing. This feature help prevent contamination from entering the groove. The Hallite 38 is molded in a polyester-based material to provide a tough, abrasion_x0002_resistant wiper for the difficult conditions usually found in mining or earth moving applications. The complete range can be used with a split housing, and the majority can be installed in a blind housing with care | O73: Hallite Wiper Seal | P73: HalliteÂ® Type 38 | Q73: 45 | R73: 55 | S73: 5 | T73: 10.53 | U73: =T73-L73 -> 8.49 | V73: 1289.92 | W73: 1289.92 | X73: 89 | Y73: mm | Z73: 1250.92 | AA73: 3207.5 | AB73: ID diff=0.00mm, OD diff=0.00mm
A74: 185693 | B74: DS011-N-045-055-6/10 | C74: Dust Seal | D74: 011 | E74: NBR | F74: 45 | G74: 55 | H74: 8.0 | I74: 44 | J74: =I74*0.0087 -> 0.3828 | K74: =ROUND(J74*1.5,2) -> 0.57 | L74: =K74*4 -> 2.28 | M74: WR45-55-5-7M-P-H38 | N74: The Hallite 38 single-lipped wiper/scraper is designed to fit metric housingsÂ including those of ISO 6195A. The proportions of the wiping lip ensure that contactÂ is maintained with the surface of the rod to remove heavily deposited containments such as mud and ice. The outside diameter of the wiper incorporates a crush lip to provide an interference fit with the housing. This feature help prevent contamination from entering the groove. The Hallite 38 is molded in a polyester-based material to provide a tough, abrasion_x0002_resistant wiper for the difficult conditions usually found in mining or earth moving applications. The complete range can be used with a split housing, and the majority can be installed in a blind housing with care | O74: Hallite Wiper Seal | P74: HalliteÂ® Type 38 | Q74: 45 | R74: 55 | S74: 5 | T74: 10.53 | U74: =T74-L74 -> 8.25 | V74: 1289.92 | W74: 1289.92 | X74: 89 | Y74: mm | Z74: 1245.92 | AA74: 2831.6 | AB74: ID diff=0.00mm, OD diff=0.00mm
A75: 106785 | B75: DS011-N-0500-0580-0507 | C75: Dust Seal | D75: 011 | E75: NBR | F75: 50 | G75: 58 | H75: 5.0-7.0 | I75: 37 | J75: =I75*0.0087 -> 0.3219 | K75: =ROUND(J75*1.5,2) -> 0.48 | L75: =K75*4 -> 1.92 | M75: WR50-58-5-7M-R-H33 | N75: The Hallite 33 wiper has a lip designed to remove lightly adhered dirt from the rod i.e. mud, dust or moisture.Â The wiper is manufactured from a hard nitrile rubber suitable for installing in a grooved housing. Rod diameters(Ã˜d1) of 20mm and below require a two piece housing .Â To prevent dirt passing the outside of the wiper and to reduce the pumping action, the outside diameter is anÂ interference fit with the housing. Certain sizes of the standard Hallite 33 metric range are suitable for ISO 6195Â Housing Type A.Â It should also be noted that the Hallite 33 inch profile differs from the metric profile | O75: Hallite Wiper Seal | P75: HalliteÂ® Type 33 | Q75: 50 | R75: 58 | S75: 5 | T75: 10.98 | U75: =T75-L75 -> 9.06 | V75: 1345.05 | W75: 1345.05 | X75: 81 | Y75: mm | Z75: 1308.05 | AA75: 3535.3 | AB75: ID diff=0.00mm, OD diff=0.00mm
... A77: 109278 | B77: DS011-N-0500-0600-0710 | C77: Dust Seal | D77: 011 | E77: NBR | F77: 50 | G77: 60 | H77: 7.0-10.0 | I77: 45 | J77: =I77*0.0087 -> 0.3915 | K77: =ROUND(J77*1.5,2) -> 0.59 | L77: =K77*4 -> 2.36 | M77: WR50-60-5-7M-P-H38 | N77: The Hallite 38 single-lipped wiper/scraper is designed to fit metric housingsÂ including those of ISO 6195A. The proportions of the wiping lip ensure that contactÂ is maintained with the surface of the rod to remove heavily deposited containments such as mud and ice. The outside diameter of the wiper incorporates a crush lip to provide an interference fit with the housing. This feature help prevent contamination from entering the groove. The Hallite 38 is molded in a polyester-based material to provide a tough, abrasion_x0002_resistant wiper for the difficult conditions usually found in mining or earth moving applications. The complete range can be used with a split housing, and the majority can be installed in a blind housing with care | O77: Hallite Wiper Seal | P77: HalliteÂ® Type 38 | Q77: 50 | R77: 60 | S77: 5 | T77: 8.36 | U77: =T77-L77 -> 6 | V77: 1024.1 | W77: 1024.1 | X77: 83 | Y77: mm | Z77: 979.1 | AA77: 2175.8 | AB77: ID diff=0.00mm, OD diff=0.00mm
A78: 182183 | B78: DS011-N-0500-0620-0609 | C78: Dust Seal | D78: 011 | E78: NBR | F78: 50 | G78: 62 | H78: 6.0-9.0 | I78: 47 | J78: =I78*0.0087 -> 0.4089 | K78: =ROUND(J78*1.5,2) -> 0.61 | L78: =K78*4 -> 2.44 | M78: WR50-62-6-9M-R-H33 | N78: The Hallite 33 wiper has a lip designed to remove lightly adhered dirt from the rod i.e. mud, dust or moisture.Â The wiper is manufactured from a hard nitrile rubber suitable for installing in a grooved housing. Rod diameters(Ã˜d1) of 20mm and below require a two piece housing .Â To prevent dirt passing the outside of the wiper and to reduce the pumping action, the outside diameter is anÂ interference fit with the housing. Certain sizes of the standard Hallite 33 metric range are suitable for ISO 6195Â Housing Type A.Â It should also be noted that the Hallite 33 inch profile differs from the metric profile | O78: Hallite Wiper Seal | P78: HalliteÂ® Type 33 | Q78: 50 | R78: 62 | S78: 6 | T78: 7.53 | U78: =T78-L78 -> 5.09 | V78: 922.42 | W78: 922.42 | X78: Get A Quote | Y78: mm | Z78: 875.42 | AA78: 1862.6 | AB78: ID diff=0.00mm, OD diff=0.00mm
A79: 181707 | B79: DS011-N-050-062-5/7 | C79: Dust Seal | D79: 011 | E79: NBR | F79: 50 | G79: 62 | H79: 6.0 | I79: 42 | J79: =I79*0.0087 -> 0.3654 | K79: =ROUND(J79*1.5,2) -> 0.55 | L79: =K79*4 -> 2.2 | M79: WR50-62-6-9M-R-H33 | N79: The Hallite 33 wiper has a lip designed to remove lightly adhered dirt from the rod i.e. mud, dust or moisture.Â The wiper is manufactured from a hard nitrile rubber suitable for installing in a grooved housing. Rod diameters(Ã˜d1) of 20mm and below require a two piece housing .Â To prevent dirt passing the outside of the wiper and to reduce the pumping action, the outside diameter is anÂ interference fit with the housing. Certain sizes of the standard Hallite 33 metric range are suitable for ISO 6195Â Housing Type A.Â It should also be noted that the Hallite 33 inch profile differs from the metric profile | O79: Hallite Wiper Seal | P79: HalliteÂ® Type 33 | Q79: 50 | R79: 62 | S79: 6 | T79: 7.53 | U79: =T79-L79 -> 5.33 | V79: 922.42 | W79: 922.42 | X79: Get A Quote | Y79: mm | Z79: 880.42 | AA79: 2096.2 | AB79: ID diff=0.00mm, OD diff=0.00mm
A80: 106787 | B80: DS011-N-0550-0650-0507 | C80: Dust Seal | D80: 011 | E80: NBR | F80: 55 | G80: 65 | H80: 5.0-7.0 | I80: 54 | J80: =I80*0.0087 -> 0.4698 | K80: =ROUND(J80*1.5,2) -> 0.7 | L80: =K80*4 -> 2.8 | M80: WR55-65-5.3-6.8UL-P-H839 | N80: The Hallite 839 double-lipped, snap-in wiper is designed to fit standard housings, including many ISO 6195C sizes, and to exclude dirt and moisture from entering the cylinder. The design minimises the oil transfer out of the ram on the cylinder rod by collecting traces of fluid passing the rod seal.Opposite the wiper lip are two sealing lips that are precision trimmed at an angle to give optimal rod sealing performance. The Hallite 839 is designed to have an interference in the seal housing groove to improve the stability of the wiper in the gland and to reduce the possibility of ingress around the outside of the wiper.Hallite recommends a vent is provided between the seal and the wiper to avoid a pressure trap. For customers that require a wiper for heavier duty applications, the Hallite technical team may advise you to use a Hallite 844 wiper instead of the Hallite 839. Contact your local Hallite team for more information. | O80: Hallite Wiper Seal | P80: HalliteÂ® Type 839 | Q80: 55 | R80: 65 | S80: 5.3 | T80: 15.58 | U80: =T80-L80 -> 12.78 | V80: 1908.55 | W80: 1908.55 | X80: 23 | Y80: mm | Z80: 1854.55 | AA80: 3434.4 | AB80: ID diff=0.00mm, OD diff=0.00mm
A81: 183266 | B81: DS011-N-0550-0680-06.3/10 | C81: Dust Seal | D81: 011 | E81: NBR | F81: 55 | G81: 68 | H81: 6.3-10.0 | I81: 67 | J81: =I81*0.0087 -> 0.5829 | K81: =ROUND(J81*1.5,2) -> 0.87 | L81: =K81*4 -> 3.48 | M81: WR55-67-6-9M-R-H33 | N81: The Hallite 33 wiper has a lip designed to remove lightly adhered dirt from the rod i.e. mud, dust or moisture.Â The wiper is manufactured from a hard nitrile rubber suitable for installing in a grooved housing. Rod diameters(Ã˜d1) of 20mm and below require a two piece housing .Â To prevent dirt passing the outside of the wiper and to reduce the pumping action, the outside diameter is anÂ interference fit with the housing. Certain sizes of the standard Hallite 33 metric range are suitable for ISO 6195Â Housing Type A.Â It should also be noted that the Hallite 33 inch profile differs from the metric profile | O81: Hallite Wiper Seal | P81: HalliteÂ® Type 33 | Q81: 55 | R81: 67 | S81: 6 | T81: 7.57 | U81: =T81-L81 -> 4.09 | V81: 927.32 | W81: 927.32 | X81: 4 | Y81: mm | Z81: 860.32 | AA81: 1284.1 | AB81: ID diff=0.00mm, OD diff=1.00mm
A82: 106788 | B82: DS011-N-0560-0660-0507 | C82: Dust Seal | D82: 011 | E82: NBR | F82: 56 | G82: 66 | H82: 5.0-7.0 | I82: 54 | J82: =I82*0.0087 -> 0.4698 | K82: =ROUND(J82*1.5,2) -> 0.7 | L82: =K82*4 -> 2.8 | M82: WR56-66-6-8M-R-H33 | N82: The Hallite 33 wiper has a lip designed to remove lightly adhered dirt from the rod i.e. mud, dust or moisture.Â The wiper is manufactured from a hard nitrile rubber suitable for installing in a grooved housing. Rod diameters(Ã˜d1) of 20mm and below require a two piece housing .Â To prevent dirt passing the outside of the wiper and to reduce the pumping action, the outside diameter is anÂ interference fit with the housing. Certain sizes of the standard Hallite 33 metric range are suitable for ISO 6195Â Housing Type A.Â It should also be noted that the Hallite 33 inch profile differs from the metric profile | O82: Hallite Wiper Seal | P82: HalliteÂ® Type 33 | Q82: 56 | R82: 66 | S82: 6 | T82: 15.37 | U82: =T82-L82 -> 12.57 | V82: 1882.82 | W82: 1882.82 | X82: 8 | Y82: mm | Z82: 1828.82 | AA82: 3386.7 | AB82: ID diff=0.00mm, OD diff=0.00mm
A83: 106789 | B83: DS011-N-0600-0700-0507 | C83: Dust Seal | D83: 011 | E83: NBR | F83: 60 | G83: 70 | H83: 5.0-7.0 | I83: 56 | J83: =I83*0.0087 -> 0.4872 | K83: =ROUND(J83*1.5,2) -> 0.73 | L83: =K83*4 -> 2.92 | M83: WR60-70-6-10M-P-H38 | N83: The Hallite 38 single-lipped wiper/scraper is designed to fit metric housingsÂ including those of ISO 6195A. The proportions of the wiping lip ensure that contactÂ is maintained with the surface of the rod to remove heavily deposited containments such as mud and ice. The outside diameter of the wiper incorporates a crush lip to provide an interference fit with the housing. This feature help prevent contamination from entering the groove. The Hallite 38 is molded in a polyester-based material to provide a tough, abrasion_x0002_resistant wiper for the difficult conditions usually found in mining or earth moving applications. The complete range can be used with a split housing, and the majority can be installed in a blind housing with care | O83: Hallite Wiper Seal | P83: HalliteÂ® Type 38 | Q83: 60 | R83: 70 | S83: 6 | T83: 9.49 | U83: =T83-L83 -> 6.57 | V83: 1162.53 | W83: 1162.53 | X83: 213 | Y83: mm | Z83: 1106.53 | AA83: 1975.9 | AB83: ID diff=0.00mm, OD diff=0.00mm
A84: 106351 | B84: DS011-N-0630-0730-0507 | C84: Dust Seal | D84: 011 | E84: NBR | F84: 63 | G84: 73 | H84: 5.0-7.0 | I84: 56 | J84: =I84*0.0087 -> 0.4872 | K84: =ROUND(J84*1.5,2) -> 0.73 | L84: =K84*4 -> 2.92 | M84: WR63-73-6-8M-R-H33 | N84: The Hallite 33 wiper has a lip designed to remove lightly adhered dirt from the rod i.e. mud, dust or moisture.Â The wiper is manufactured from a hard nitrile rubber suitable for installing in a grooved housing. Rod diameters(Ã˜d1) of 20mm and below require a two piece housing .Â To prevent dirt passing the outside of the wiper and to reduce the pumping action, the outside diameter is anÂ interference fit with the housing. Certain sizes of the standard Hallite 33 metric range are suitable for ISO 6195Â Housing Type A.Â It should also be noted that the Hallite 33 inch profile differs from the metric profile | O84: Hallite Wiper Seal | P84: HalliteÂ® Type 33 | Q84: 63 | R84: 73 | S84: 6 | T84: 11.74 | U84: =T84-L84 -> 8.82 | V84: 1438.15 | W84: 1438.15 | X84: 16 | Y84: mm | Z84: 1382.15 | AA84: 2468.1 | AB84: ID diff=0.00mm, OD diff=0.00mm
A85: 157819 | B85: DS011-N-0630-0730-0609 (SPL) | C85: Dust Seal | D85: 011 | E85: NBR | F85: 63 | G85: 73 | H85: 0609 (SPL) | I85: 59 | J85: =I85*0.0087 -> 0.5133 | K85: =ROUND(J85*1.5,2) -> 0.77 | L85: =K85*4 -> 3.08 | M85: WR63-73-6-8M-R-H33 | N85: The Hallite 33 wiper has a lip designed to remove lightly adhered dirt from the rod i.e. mud, dust or moisture.Â The wiper is manufactured from a hard nitrile rubber suitable for installing in a grooved housing. Rod diameters(Ã˜d1) of 20mm and below require a two piece housing .Â To prevent dirt passing the outside of the wiper and to reduce the pumping action, the outside diameter is anÂ interference fit with the housing. Certain sizes of the standard Hallite 33 metric range are suitable for ISO 6195Â Housing Type A.Â It should also be noted that the Hallite 33 inch profile differs from the metric profile | O85: Hallite Wiper Seal | P85: HalliteÂ® Type 33 | Q85: 63 | R85: 73 | S85: 6 | T85: 11.74 | U85: =T85-L85 -> 8.66 | V85: 1438.15 | W85: 1438.15 | X85: 16 | Y85: mm | Z85: 1379.15 | AA85: 2337.5 | AB85: ID diff=0.00mm, OD diff=0.00mm
A86: 111441 | B86: DS011-N-0630-0730-0710 | C86: Dust Seal | D86: 011 | E86: NBR | F86: 63 | G86: 73 | H86: 7.0-10.0 | I86: 62 | J86: =I86*0.0087 -> 0.5394 | K86: =ROUND(J86*1.5,2) -> 0.81 | L86: =K86*4 -> 3.24 | M86: WR63-73-6-8M-R-H33 | N86: The Hallite 33 wiper has a lip designed to remove lightly adhered dirt from the rod i.e. mud, dust or moisture.Â The wiper is manufactured from a hard nitrile rubber suitable for installing in a grooved housing. Rod diameters(Ã˜d1) of 20mm and below require a two piece housing .Â To prevent dirt passing the outside of the wiper and to reduce the pumping action, the outside diameter is anÂ interference fit with the housing. Certain sizes of the standard Hallite 33 metric range are suitable for ISO 6195Â Housing Type A.Â It should also be noted that the Hallite 33 inch profile differs from the metric profile | O86: Hallite Wiper Seal | P86: HalliteÂ® Type 33 | Q86: 63 | R86: 73 | S86: 6 | T86: 11.74 | U86: =T86-L86 -> 8.5 | V86: 1438.15 | W86: 1438.15 | X86: 16 | Y86: mm | Z86: 1376.15 | AA86: 2219.6 | AB86: ID diff=0.00mm, OD diff=0.00mm
A87: 106790 | B87: DS011-N-0650-0750-0507 | C87: Dust Seal | D87: 011 | E87: NBR | F87: 65 | G87: 75 | H87: 5.0-7.0 | I87: 56 | J87: =I87*0.0087 -> 0.4872 | K87: =ROUND(J87*1.5,2) -> 0.73 | L87: =K87*4 -> 2.92 | M87: WR65-75-6-10M-P-H38 | N87: The Hallite 38 single-lipped wiper/scraper is designed to fit metric housingsÂ including those of ISO 6195A. The proportions of the wiping lip ensure that contactÂ is maintained with the surface of the rod to remove heavily deposited containments such as mud and ice. The outside diameter of the wiper incorporates a crush lip to provide an interference fit with the housing. This feature help prevent contamination from entering the groove. The Hallite 38 is molded in a polyester-based material to provide a tough, abrasion_x0002_resistant wiper for the difficult conditions usually found in mining or earth moving applications. The complete range can be used with a split housing, and the majority can be installed in a blind housing with care | O87: Hallite Wiper Seal | P87: HalliteÂ® Type 38 | Q87: 65 | R87: 75 | S87: 6 | T87: 17.17 | U87: =T87-L87 -> 14.25 | V87: 2103.33 | W87: 2103.33 | X87: 21 | Y87: mm | Z87: 2047.33 | AA87: 3655.9 | AB87: ID diff=0.00mm, OD diff=0.00mm
A88: 180837 | B88: DS011-N-0650-0770-0609 | C88: Dust Seal | D88: 011 | E88: NBR | F88: 65 | G88: 77 | H88: 6.0-9.0 | I88: 66 | J88: =I88*0.0087 -> 0.5742 | K88: =ROUND(J88*1.5,2) -> 0.86 | L88: =K88*4 -> 3.44 | M88: WR65-77-6-9M-R-H33 | N88: The Hallite 33 wiper has a lip designed to remove lightly adhered dirt from the rod i.e. mud, dust or moisture.Â The wiper is manufactured from a hard nitrile rubber suitable for installing in a grooved housing. Rod diameters(Ã˜d1) of 20mm and below require a two piece housing .Â To prevent dirt passing the outside of the wiper and to reduce the pumping action, the outside diameter is anÂ interference fit with the housing. Certain sizes of the standard Hallite 33 metric range are suitable for ISO 6195Â Housing Type A.Â It should also be noted that the Hallite 33 inch profile differs from the metric profile | O88: Hallite Wiper Seal | P88: HalliteÂ® Type 33 | Q88: 65 | R88: 77 | S88: 6 | T88: 19.92 | U88: =T88-L88 -> 16.48 | V88: 2440.2 | W88: 2440.2 | X88: 25 | Y88: mm | Z88: 2374.2 | AA88: 3597.3 | AB88: ID diff=0.00mm, OD diff=0.00mm
A89: 106607 | B89: DS011-N-0700-0800-0507 | C89: Dust Seal | D89: 011 | E89: NBR | F89: 70 | G89: 80 | H89: 5.0-7.0 | I89: 57 | J89: =I89*0.0087 -> 0.4959 | K89: =ROUND(J89*1.5,2) -> 0.74 | L89: =K89*4 -> 2.96 | M89: WR70-80-5-7M-P-H38 | N89: The Hallite 38 single-lipped wiper/scraper is designed to fit metric housingsÂ including those of ISO 6195A. The proportions of the wiping lip ensure that contactÂ is maintained with the surface of the rod to remove heavily deposited containments such as mud and ice. The outside diameter of the wiper incorporates a crush lip to provide an interference fit with the housing. This feature help prevent contamination from entering the groove. The Hallite 38 is molded in a polyester-based material to provide a tough, abrasion_x0002_resistant wiper for the difficult conditions usually found in mining or earth moving applications. The complete range can be used with a split housing, and the majority can be installed in a blind housing with care | O89: Hallite Wiper Seal | P89: HalliteÂ® Type 38 | Q89: 70 | R89: 80 | S89: 5 | T89: 10.3 | U89: =T89-L89 -> 7.34 | V89: 1261.75 | W89: 1261.75 | X89: 37 | Y89: mm | Z89: 1204.75 | AA89: 2113.6 | AB89: ID diff=0.00mm, OD diff=0.00mm
A90: 168694 | B90: DS011-N-0750-0830-0406 | C90: Dust Seal | D90: 011 | E90: NBR | F90: 75 | G90: 83 | H90: 4.0-6.0 | I90: 50 | J90: =I90*0.0087 -> 0.435 | K90: =ROUND(J90*1.5,2) -> 0.65 | L90: =K90*4 -> 2.6 | M90: WR75-83-5-7M-P-H38 | N90: The Hallite 38 single-lipped wiper/scraper is designed to fit metric housingsÂ including those of ISO 6195A. The proportions of the wiping lip ensure that contactÂ is maintained with the surface of the rod to remove heavily deposited containments such as mud and ice. The outside diameter of the wiper incorporates a crush lip to provide an interference fit with the housing. This feature help prevent contamination from entering the groove. The Hallite 38 is molded in a polyester-based material to provide a tough, abrasion_x0002_resistant wiper for the difficult conditions usually found in mining or earth moving applications. The complete range can be used with a split housing, and the majority can be installed in a blind housing with care | O90: Hallite Wiper Seal | P90: HalliteÂ® Type 38 | Q90: 75 | R90: 83 | S90: 5 | T90: 20.01 | U90: =T90-L90 -> 17.41 | V90: 2451.23 | W90: 2451.23 | X90: 10 | Y90: mm | Z90: 2401.23 | AA90: 4802.5 | AB90: ID diff=0.00mm, OD diff=0.00mm
A91: 106791 | B91: DS011-N-0750-0870-0712 | C91: Dust Seal | D91: 011 | E91: NBR | F91: 75 | G91: 87 | H91: 7.0-12.0 | I91: 79 | J91: =I91*0.0087 -> 0.6873 | K91: =ROUND(J91*1.5,2) -> 1.03 | L91: =K91*4 -> 4.12 | M91: WR75-87-6-9M-R-H33 | N91: The Hallite 33 wiper has a lip designed to remove lightly adhered dirt from the rod i.e. mud, dust or moisture.Â The wiper is manufactured from a hard nitrile rubber suitable for installing in a grooved housing. Rod diameters(Ã˜d1) of 20mm and below require a two piece housing .Â To prevent dirt passing the outside of the wiper and to reduce the pumping action, the outside diameter is anÂ interference fit with the housing. Certain sizes of the standard Hallite 33 metric range are suitable for ISO 6195Â Housing Type A.Â It should also be noted that the Hallite 33 inch profile differs from the metric profile | O91: Hallite Wiper Seal | P91: HalliteÂ® Type 33 | Q91: 75 | R91: 87 | S91: 6 | T91: 15.46 | U91: =T91-L91 -> 11.34 | V91: 1893.85 | W91: 1893.85 | X91: 18 | Y91: mm | Z91: 1814.85 | AA91: 2297.3 | AB91: ID diff=0.00mm, OD diff=0.00mm
A92: 109282 | B92: DS011-N-0800-0900-0507 | C92: Dust Seal | D92: 011 | E92: NBR | F92: 80 | G92: 90 | H92: 5.0-7.0 | I92: 66 | J92: =I92*0.0087 -> 0.5742 | K92: =ROUND(J92*1.5,2) -> 0.86 | L92: =K92*4 -> 3.44 | M92: WR80-90-6-9M-R-H33 | N92: The Hallite 33 wiper has a lip designed to remove lightly adhered dirt from the rod i.e. mud, dust or moisture.Â The wiper is manufactured from a hard nitrile rubber suitable for installing in a grooved housing. Rod diameters(Ã˜d1) of 20mm and below require a two piece housing .Â To prevent dirt passing the outside of the wiper and to reduce the pumping action, the outside diameter is anÂ interference fit with the housing. Certain sizes of the standard Hallite 33 metric range are suitable for ISO 6195Â Housing Type A.Â It should also be noted that the Hallite 33 inch profile differs from the metric profile | O92: Hallite Wiper Seal | P92: HalliteÂ® Type 33 | Q92: 80 | R92: 90 | S92: 6 | T92: 11.89 | U92: =T92-L92 -> 8.45 | V92: 1456.52 | W92: 1456.52 | X92: 26 | Y92: mm | Z92: 1390.52 | AA92: 2106.8 | AB92: ID diff=0.00mm, OD diff=0.00mm
A93: 104947 | B93: DS011-N-0800-0920-0712 | C93: Dust Seal | D93: 011 | E93: NBR | F93: 80 | G93: 92 | H93: 7.0-12.0 | I93: 86 | J93: =I93*0.0087 -> 0.7482 | K93: =ROUND(J93*1.5,2) -> 1.12 | L93: =K93*4 -> 4.48 | M93: WR80-92-7.2-12M-P-H38 | N93: The Hallite 38 single-lipped wiper/scraper is designed to fit metric housingsÂ including those of ISO 6195A. The proportions of the wiping lip ensure that contactÂ is maintained with the surface of the rod to remove heavily deposited containments such as mud and ice. The outside diameter of the wiper incorporates a crush lip to provide an interference fit with the housing. This feature help prevent contamination from entering the groove. The Hallite 38 is molded in a polyester-based material to provide a tough, abrasion_x0002_resistant wiper for the difficult conditions usually found in mining or earth moving applications. The complete range can be used with a split housing, and the majority can be installed in a blind housing with care | O93: Hallite Wiper Seal | P93: HalliteÂ® Type 38 | Q93: 80 | R93: 92 | S93: 7.2 | T93: 21.06 | U93: =T93-L93 -> 16.58 | V93: 2579.85 | W93: 2579.85 | X93: Get A Quote | Y93: mm | Z93: 2493.85 | AA93: 2899.8 | AB93: ID diff=0.00mm, OD diff=0.00mm
A94: 106792 | B94: DS011-N-0850-0970-0712 | C94: Dust Seal | D94: 011 | E94: NBR | F94: 85 | G94: 97 | H94: 7.0-12.0 | I94: 89 | J94: =I94*0.0087 -> 0.7743 | K94: =ROUND(J94*1.5,2) -> 1.16 | L94: =K94*4 -> 4.64 | M94: WR85-97-8-12A6-P-H842 | N94: The Hallite 842 single-lipped, snap-in rod wiper is developed specifically for use in harsher environments with heavy contamination, such as in agriculture, off-highway, forestry, and long wall mining equipment.The unique feature of the Hallite 842 is the Umbrella Wiper Technologyâ„¢, which is a protective debris guard flap on the wiping lip that entirely covers the gland housing and prevents the water/slurry trap that is common with conventional wipers. This feature offers added protection to the integrity of the hydraulic system, providing increased system life by reducing corrosion and preventing the ingress of contamination into the wiper housing groove and hydraulic cylinder gland.The moulded ribs on the internal diameter provide extra stability to the wiper and help prevent the possibility of blow-out due to pressure trapping between the wiper and the main rod seal. | O94: Hallite Wiper Seal | P94: HalliteÂ® Type 842 | Q94: 85 | R94: 97 | S94: 8 | T94: 27.43 | U94: =T94-L94 -> 22.79 | V94: 3360.18 | W94: 3360.18 | X94: 5 | Y94: mm | Z94: 3271.18 | AA94: 3675.5 | AB94: ID diff=0.00mm, OD diff=0.00mm
A95: 106793 | B95: DS011-N-0900-1020-0712 | C95: Dust Seal | D95: 011 | E95: NBR | F95: 90 | G95: 102 | H95: 7.0-12.0 | I95: 91 | J95: =I95*0.0087 -> 0.7917 | K95: =ROUND(J95*1.5,2) -> 1.19 | L95: =K95*4 -> 4.76 | M95: WR90-102-7-12M-P-H38 | N95: The Hallite 38 single-lipped wiper/scraper is designed to fit metric housingsÂ including those of ISO 6195A. The proportions of the wiping lip ensure that contactÂ is maintained with the surface of the rod to remove heavily deposited containments such as mud and ice. The outside diameter of the wiper incorporates a crush lip to provide an interference fit with the housing. This feature help prevent contamination from entering the groove. The Hallite 38 is molded in a polyester-based material to provide a tough, abrasion_x0002_resistant wiper for the difficult conditions usually found in mining or earth moving applications. The complete range can be used with a split housing, and the majority can be installed in a blind housing with care | O95: Hallite Wiper Seal | P95: HalliteÂ® Type 38 | Q95: 90 | R95: 102 | S95: 7 | T95: 12.47 | U95: =T95-L95 -> 7.71 | V95: 1527.58 | W95: 1527.58 | X95: 143 | Y95: mm | Z95: 1436.58 | AA95: 1578.7 | AB95: ID diff=0.00mm, OD diff=0.00mm
A96: 106794 | B96: DS011-N-1000-1120-0712 | C96: Dust Seal | D96: 011 | E96: NBR | F96: 100 | G96: 112 | H96: 7.0-12.0 | I96: 96 | J96: =I96*0.0087 -> 0.8352 | K96: =ROUND(J96*1.5,2) -> 1.25 | L96: =K96*4 -> 5 | M96: WR100-112-7.2-12M-P-H38 | N96: The Hallite 38 single-lipped wiper/scraper is designed to fit metric housingsÂ including those of ISO 6195A. The proportions of the wiping lip ensure that contactÂ is maintained with the surface of the rod to remove heavily deposited containments such as mud and ice. The outside diameter of the wiper incorporates a crush lip to provide an interference fit with the housing. This feature help prevent contamination from entering the groove. The Hallite 38 is molded in a polyester-based material to provide a tough, abrasion_x0002_resistant wiper for the difficult conditions usually found in mining or earth moving applications. The complete range can be used with a split housing, and the majority can be installed in a blind housing with care | O96: Hallite Wiper Seal | P96: HalliteÂ® Type 38 | Q96: 100 | R96: 112 | S96: 7.2 | T96: 24.31 | U96: =T96-L96 -> 19.31 | V96: 2977.98 | W96: 2977.98 | X96: 131 | Y96: mm | Z96: 2881.98 | AA96: 3002.1 | AB96: ID diff=0.00mm, OD diff=0.00mm
A97: 106796 | B97: DS011-N-1100-1220-0712 | C97: Dust Seal | D97: 011 | E97: NBR | F97: 110 | G97: 122 | H97: 7.0-12.0 | I97: 106 | J97: =I97*0.0087 -> 0.9222 | K97: =ROUND(J97*1.5,2) -> 1.38 | L97: =K97*4 -> 5.52 | M97: WR110-122-7.2-12M-P-H38 | N97: The Hallite 38 single-lipped wiper/scraper is designed to fit metric housingsÂ including those of ISO 6195A. The proportions of the wiping lip ensure that contactÂ is maintained with the surface of the rod to remove heavily deposited containments such as mud and ice. The outside diameter of the wiper incorporates a crush lip to provide an interference fit with the housing. This feature help prevent contamination from entering the groove. The Hallite 38 is molded in a polyester-based material to provide a tough, abrasion_x0002_resistant wiper for the difficult conditions usually found in mining or earth moving applications. The complete range can be used with a split housing, and the majority can be installed in a blind housing with care | O97: Hallite Wiper Seal | P97: HalliteÂ® Type 38 | Q97: 110 | R97: 122 | S97: 7.2 | T97: 14.89 | U97: =T97-L97 -> 9.37 | V97: 1824.02 | W97: 1824.02 | X97: 8 | Y97: mm | Z97: 1718.02 | AA97: 1620.8 | AB97: ID diff=0.00mm, OD diff=0.00mm
A98: 106798 | B98: DS011-N-1200-1320-0712 | C98: Dust Seal | D98: 011 | E98: NBR | F98: 120 | G98: 132 | H98: 7.0-12.0 | I98: 111 | J98: =I98*0.0087 -> 0.9657 | K98: =ROUND(J98*1.5,2) -> 1.45 | L98: =K98*4 -> 5.8 | M98: WR120-132-7-12M-P-H38 | N98: The Hallite 38 single-lipped wiper/scraper is designed to fit metric housingsÂ including those of ISO 6195A. The proportions of the wiping lip ensure that contactÂ is maintained with the surface of the rod to remove heavily deposited containments such as mud and ice. The outside diameter of the wiper incorporates a crush lip to provide an interference fit with the housing. This feature help prevent contamination from entering the groove. The Hallite 38 is molded in a polyester-based material to provide a tough, abrasion_x0002_resistant wiper for the difficult conditions usually found in mining or earth moving applications. The complete range can be used with a split housing, and the majority can be installed in a blind housing with care | O98: Hallite Wiper Seal | P98: HalliteÂ® Type 38 | Q98: 120 | R98: 132 | S98: 7 | T98: 34.64 | U98: =T98-L98 -> 28.84 | V98: 4243.4 | W98: 4243.4 | X98: 47 | Y98: mm | Z98: 4132.4 | AA98: 3722.9 | AB98: ID diff=0.00mm, OD diff=0.00mm
A99: 106799 | B99: DS011-N-1250-1370-0712 | C99: Dust Seal | D99: 011 | E99: NBR | F99: 125 | G99: 137 | H99: 7.0-12.0 | I99: 113 | J99: =I99*0.0087 -> 0.9831 | K99: =ROUND(J99*1.5,2) -> 1.47 | L99: =K99*4 -> 5.88 | M99: WR125-137-7.7-12M-P-H38 | N99: The Hallite 38 single-lipped wiper/scraper is designed to fit metric housingsÂ including those of ISO 6195A. The proportions of the wiping lip ensure that contactÂ is maintained with the surface of the rod to remove heavily deposited containments such as mud and ice. The outside diameter of the wiper incorporates a crush lip to provide an interference fit with the housing. This feature help prevent contamination from entering the groove. The Hallite 38 is molded in a polyester-based material to provide a tough, abrasion_x0002_resistant wiper for the difficult conditions usually found in mining or earth moving applications. The complete range can be used with a split housing, and the majority can be installed in a blind housing with care | O99: Hallite Wiper Seal | P99: HalliteÂ® Type 38 | Q99: 125 | R99: 137 | S99: 7.7 | T99: 35.78 | U99: =T99-L99 -> 29.9 | V99: 4383.05 | W99: 4383.05 | X99: 72 | Y99: mm | Z99: 4270.05 | AA99: 3778.8 | AB99: ID diff=0.00mm, OD diff=0.00mm
A100: 166737 | B100: DS011-N-1250-1400-1016 | C100: Dust Seal | D100: 011 | E100: NBR | F100: 125 | G100: 140 | H100: 10.0-16.0 | I100: 157 | J100: =I100*0.0087 -> 1.3659 | K100: =ROUND(J100*1.5,2) -> 2.05 | L100: =K100*4 -> 8.2 | M100: WR125-140-9.5-14M-P-H38 | N100: The Hallite 38 single-lipped wiper/scraper is designed to fit metric housingsÂ including those of ISO 6195A. The proportions of the wiping lip ensure that contactÂ is maintained with the surface of the rod to remove heavily deposited containments such as mud and ice. The outside diameter of the wiper incorporates a crush lip to provide an interference fit with the housing. This feature help prevent contamination from entering the groove. The Hallite 38 is molded in a polyester-based material to provide a tough, abrasion_x0002_resistant wiper for the difficult conditions usually found in mining or earth moving applications. The complete range can be used with a split housing, and the majority can be installed in a blind housing with care | O100: Hallite Wiper Seal | P100: HalliteÂ® Type 38 | Q100: 125 | R100: 140 | S100: 9.5 | T100: 18.98 | U100: =T100-L100 -> 10.78 | V100: 2325.05 | W100: 2325.05 | X100: 213 | Y100: mm | Z100: 2168.05 | AA100: 1380.9 | AB100: ID diff=0.00mm, OD diff=0.00mm
A101: 106800 | B101: DS011-N-1300-1420-0712 | C101: Dust Seal | D101: 011 | E101: NBR | F101: 130 | G101: 142 | H101: 7.0-12.0 | I101: 121 | J101: =I101*0.0087 -> 1.0527 | K101: =ROUND(J101*1.5,2) -> 1.58 | L101: =K101*4 -> 6.32 | M101: WR130-142-7.2-12M-P-H38 | N101: The Hallite 38 single-lipped wiper/scraper is designed to fit metric housingsÂ including those of ISO 6195A. The proportions of the wiping lip ensure that contactÂ is maintained with the surface of the rod to remove heavily deposited containments such as mud and ice. The outside diameter of the wiper incorporates a crush lip to provide an interference fit with the housing. This feature help prevent contamination from entering the groove. The Hallite 38 is molded in a polyester-based material to provide a tough, abrasion_x0002_resistant wiper for the difficult conditions usually found in mining or earth moving applications. The complete range can be used with a split housing, and the majority can be installed in a blind housing with care | O101: Hallite Wiper Seal | P101: HalliteÂ® Type 38 | Q101: 130 | R101: 142 | S101: 7.2 | T101: 17.97 | U101: =T101-L101 -> 11.65 | V101: 2201.32 | W101: 2201.32 | X101: 26 | Y101: mm | Z101: 2080.32 | AA101: 1719.3 | AB101: ID diff=0.00mm, OD diff=0.00mm
A102: 106801 | B102: DS011-N-1350-1470-0712 | C102: Dust Seal | D102: 011 | E102: NBR | F102: 135 | G102: 147 | H102: 7.0-12.0 | I102: 136 | J102: =I102*0.0087 -> 1.1832 | K102: =ROUND(J102*1.5,2) -> 1.77 | L102: =K102*4 -> 7.08 | M102: WR135-147-7-10M-P-H831 | N102: The Hallite 831 single lipped, snap-in rod wiper is designed to fit metric housings and is interchangeable with many common European wiper styles. The proportions of the wiping lip ensure that contact is maintained with the surface of the rod to remove all deposits of mud and other forms of contamination except for those found in heavy-duty industrial applications.The outside diameter of the seal incorporates a crush lip to provide interference fit with the housing and a face bead to ensure that the crush lip is not trapped in the corner of the housing. These features help prevent contaminant from entering the groove.The moulded ribs on the internal diameter provide extra stability to the wiper and help prevent the possibility of blow-out due to pressure trapping between the wiper and the main rod seal. | O102: Hallite Wiper Seal | P102: HalliteÂ® Type 831 | Q102: 135 | R102: 147.2 | S102: 7 | T102: 13.78 | U102: =T102-L102 -> 6.7 | V102: 1688.05 | W102: 1688.05 | X102: 13 | Y102: mm | Z102: 1552.05 | AA102: 1141.2 | AB102: ID diff=0.00mm, OD diff=0.20mm
A103: 106802 | B103: DS011-N-1400-1520-0712 | C103: Dust Seal | D103: 011 | E103: NBR | F103: 140 | G103: 152 | H103: 7.0-12.0 | I103: 138 | J103: =I103*0.0087 -> 1.2006 | K103: =ROUND(J103*1.5,2) -> 1.8 | L103: =K103*4 -> 7.2 | M103: WR140-152-7.7-12M-P-H38 | N103: The Hallite 38 single-lipped wiper/scraper is designed to fit metric housingsÂ including those of ISO 6195A. The proportions of the wiping lip ensure that contactÂ is maintained with the surface of the rod to remove heavily deposited containments such as mud and ice. The outside diameter of the wiper incorporates a crush lip to provide an interference fit with the housing. This feature help prevent contamination from entering the groove. The Hallite 38 is molded in a polyester-based material to provide a tough, abrasion_x0002_resistant wiper for the difficult conditions usually found in mining or earth moving applications. The complete range can be used with a split housing, and the majority can be installed in a blind housing with care | O103: Hallite Wiper Seal | P103: HalliteÂ® Type 38 | Q103: 140 | R103: 152 | S103: 7.7 | T103: 41.68 | U103: =T103-L103 -> 34.48 | V103: 5105.8 | W103: 5105.8 | X103: 5 | Y103: mm | Z103: 4967.8 | AA103: 3599.9 | AB103: ID diff=0.00mm, OD diff=0.00mm
A104: 106803 | B104: DS011-N-1400-1550-1016 | C104: Dust Seal | D104: 011 | E104: NBR | F104: 140 | G104: 155 | H104: 10.0-16.0 | I104: 173 | J104: =I104*0.0087 -> 1.5051 | K104: =ROUND(J104*1.5,2) -> 2.26 | L104: =K104*4 -> 9.04 | M104: WR140-155-9.5-12.5M-R-H33 | N104: The Hallite 33 wiper has a lip designed to remove lightly adhered dirt from the rod i.e. mud, dust or moisture.Â The wiper is manufactured from a hard nitrile rubber suitable for installing in a grooved housing. Rod diameters(Ã˜d1) of 20mm and below require a two piece housing .Â To prevent dirt passing the outside of the wiper and to reduce the pumping action, the outside diameter is anÂ interference fit with the housing. Certain sizes of the standard Hallite 33 metric range are suitable for ISO 6195Â Housing Type A.Â It should also be noted that the Hallite 33 inch profile differs from the metric profile | O104: Hallite Wiper Seal | P104: HalliteÂ® Type 33 | Q104: 140 | R104: 155 | S104: 9.5 | T104: 33.6 | U104: =T104-L104 -> 24.56 | V104: 4116 | W104: 4116 | X104: 6 | Y104: mm | Z104: 3943 | AA104: 2279.2 | AB104: ID diff=0.00mm, OD diff=0.00mm
A105: 181699 | B105: DS011-N-140-152-5.5/9 | C105: Dust Seal | D105: 011 | E105: NBR | F105: 140 | G105: 152 | H105: 7.25 | I105: 153 | J105: =I105*0.0087 -> 1.3311 | K105: =ROUND(J105*1.5,2) -> 2 | L105: =K105*4 -> 8 | M105: WR140-152-7.7-12M-P-H38 | N105: The Hallite 38 single-lipped wiper/scraper is designed to fit metric housingsÂ including those of ISO 6195A. The proportions of the wiping lip ensure that contactÂ is maintained with the surface of the rod to remove heavily deposited containments such as mud and ice. The outside diameter of the wiper incorporates a crush lip to provide an interference fit with the housing. This feature help prevent contamination from entering the groove. The Hallite 38 is molded in a polyester-based material to provide a tough, abrasion_x0002_resistant wiper for the difficult conditions usually found in mining or earth moving applications. The complete range can be used with a split housing, and the majority can be installed in a blind housing with care | O105: Hallite Wiper Seal | P105: HalliteÂ® Type 38 | Q105: 140 | R105: 152 | S105: 7.7 | T105: 41.68 | U105: =T105-L105 -> 33.68 | V105: 5105.8 | W105: 5105.8 | X105: 5 | Y105: mm | Z105: 4952.8 | AA105: 3237.1 | AB105: ID diff=0.00mm, OD diff=0.00mm
A106: 106804 | B106: DS011-N-1500-1620-0712 | C106: Dust Seal | D106: 011 | E106: NBR | F106: 150 | G106: 162 | H106: 7.0-12.0 | I106: 131 | J106: =I106*0.0087 -> 1.1397 | K106: =ROUND(J106*1.5,2) -> 1.71 | L106: =K106*4 -> 6.84 | M106: WR150-162-7-12M-P-H38 | N106: The Hallite 38 single-lipped wiper/scraper is designed to fit metric housingsÂ including those of ISO 6195A. The proportions of the wiping lip ensure that contactÂ is maintained with the surface of the rod to remove heavily deposited containments such as mud and ice. The outside diameter of the wiper incorporates a crush lip to provide an interference fit with the housing. This feature help prevent contamination from entering the groove. The Hallite 38 is molded in a polyester-based material to provide a tough, abrasion_x0002_resistant wiper for the difficult conditions usually found in mining or earth moving applications. The complete range can be used with a split housing, and the majority can be installed in a blind housing with care | O106: Hallite Wiper Seal | P106: HalliteÂ® Type 38 | Q106: 150 | R106: 162 | S106: 7 | T106: 23.02 | U106: =T106-L106 -> 16.18 | V106: 2819.95 | W106: 2819.95 | X106: 25 | Y106: mm | Z106: 2688.95 | AA106: 2052.6 | AB106: ID diff=0.00mm, OD diff=0.00mm
A107: 106805 | B107: DS011-N-1500-1650-1016 | C107: Dust Seal | D107: 011 | E107: NBR | F107: 150 | G107: 165 | H107: 10.0-16.0 | I107: 182 | J107: =I107*0.0087 -> 1.5834 | K107: =ROUND(J107*1.5,2) -> 2.38 | L107: =K107*4 -> 9.52 | M107: WR150-165-7.2-12M-P-H38 | N107: The Hallite 38 single-lipped wiper/scraper is designed to fit metric housingsÂ including those of ISO 6195A. The proportions of the wiping lip ensure that contactÂ is maintained with the surface of the rod to remove heavily deposited containments such as mud and ice. The outside diameter of the wiper incorporates a crush lip to provide an interference fit with the housing. This feature help prevent contamination from entering the groove. The Hallite 38 is molded in a polyester-based material to provide a tough, abrasion_x0002_resistant wiper for the difficult conditions usually found in mining or earth moving applications. The complete range can be used with a split housing, and the majority can be installed in a blind housing with care | O107: Hallite Wiper Seal | P107: HalliteÂ® Type 38 | Q107: 150 | R107: 165 | S107: 7.2 | T107: 22.46 | U107: =T107-L107 -> 12.94 | V107: 2751.35 | W107: 2751.35 | X107: Get A Quote | Y107: mm | Z107: 2569.35 | AA107: 1411.7 | AB107: ID diff=0.00mm, OD diff=0.00mm
A108: 106808 | B108: DS011-N-1600-1750-1016 | C108: Dust Seal | D108: 011 | E108: NBR | F108: 160 | G108: 175 | H108: 10.0-16.0 | I108: 214 | J108: =I108*0.0087 -> 1.8618 | K108: =ROUND(J108*1.5,2) -> 2.79 | L108: =K108*4 -> 11.16 | M108: WR160-175-9.5-14M-P-H38 | N108: The Hallite 38 single-lipped wiper/scraper is designed to fit metric housingsÂ including those of ISO 6195A. The proportions of the wiping lip ensure that contactÂ is maintained with the surface of the rod to remove heavily deposited containments such as mud and ice. The outside diameter of the wiper incorporates a crush lip to provide an interference fit with the housing. This feature help prevent contamination from entering the groove. The Hallite 38 is molded in a polyester-based material to provide a tough, abrasion_x0002_resistant wiper for the difficult conditions usually found in mining or earth moving applications. The complete range can be used with a split housing, and the majority can be installed in a blind housing with care | O108: Hallite Wiper Seal | P108: HalliteÂ® Type 38 | Q108: 160 | R108: 175 | S108: 9.5 | T108: 24.53 | U108: =T108-L108 -> 13.37 | V108: 3004.92 | W108: 3004.92 | X108: 154 | Y108: mm | Z108: 2790.92 | AA108: 1304.2 | AB108: ID diff=0.00mm, OD diff=0.00mm
A109: 106809 | B109: DS011-N-1700-1820-0712 | C109: Dust Seal | D109: 011 | E109: NBR | F109: 170 | G109: 182 | H109: 7.0-12.0 | I109: 197 | J109: =I109*0.0087 -> 1.7139 | K109: =ROUND(J109*1.5,2) -> 2.57 | L109: =K109*4 -> 10.28 | M109: WR170-182-7.5-12M-P-H38 | N109: The Hallite 38 single-lipped wiper/scraper is designed to fit metric housingsÂ including those of ISO 6195A. The proportions of the wiping lip ensure that contactÂ is maintained with the surface of the rod to remove heavily deposited containments such as mud and ice. The outside diameter of the wiper incorporates a crush lip to provide an interference fit with the housing. This feature help prevent contamination from entering the groove. The Hallite 38 is molded in a polyester-based material to provide a tough, abrasion_x0002_resistant wiper for the difficult conditions usually found in mining or earth moving applications. The complete range can be used with a split housing, and the majority can be installed in a blind housing with care | O109: Hallite Wiper Seal | P109: HalliteÂ® Type 38 | Q109: 170 | R109: 182 | S109: 7.5 | T109: 26.98 | U109: =T109-L109 -> 16.7 | V109: 3305.05 | W109: 3305.05 | X109: 41 | Y109: mm | Z109: 3108.05 | AA109: 1577.7 | AB109: ID diff=0.00mm, OD diff=0.00mm
A110: 106811 | B110: DS011-N-1800-2000-1018 | C110: Dust Seal | D110: 011 | E110: NBR | F110: 180 | G110: 200 | H110: 10.0-18.0 | I110: 364 | J110: =I110*0.0087 -> 3.1668 | K110: =ROUND(J110*1.5,2) -> 4.75 | L110: =K110*4 -> 19 | M110: WR180-200-10-18M-P-H38 | N110: The Hallite 38 single-lipped wiper/scraper is designed to fit metric housingsÂ including those of ISO 6195A. The proportions of the wiping lip ensure that contactÂ is maintained with the surface of the rod to remove heavily deposited containments such as mud and ice. The outside diameter of the wiper incorporates a crush lip to provide an interference fit with the housing. This feature help prevent contamination from entering the groove. The Hallite 38 is molded in a polyester-based material to provide a tough, abrasion_x0002_resistant wiper for the difficult conditions usually found in mining or earth moving applications. The complete range can be used with a split housing, and the majority can be installed in a blind housing with care | O110: Hallite Wiper Seal | P110: HalliteÂ® Type 38 | Q110: 180 | R110: 200 | S110: 10 | T110: 28.17 | U110: =T110-L110 -> 9.17 | V110: 3450.82 | W110: 3450.82 | X110: 38 | Y110: mm | Z110: 3086.82 | AA110: 848 | AB110: ID diff=0.00mm, OD diff=0.00mm
...

Sheet SKU Mapping
A1: SKU to Part Number Mapping
A3: Metric | B3: Value | D3: Recommended mapping rule | E3: Use Column M SKU as the lookup key and return all matching Column B part numbers.
A4: Source rows checked | B4: 2638 | D4: Important finding | E4: SKU is not always unique to one internal part number. Review Mapping Type = 1:Many.
A5: Unique SKUs | B5: 1532 | D5: Suggested Excel lookup | E5: {=_xlfn.TEXTJOIN(" | ",TRUE,_xlfn._xlws.FILTER(PriceList!$B$4:$B$2641,PriceList!$M$4:$M$2641=A12))} -> #VALUE!
A6: Blank part numbers in Column B | B6: 0 | D6: Source range | E6: PriceList!B4:M2641
A7: Blank SKUs in Column M | B7: 0
A8: Column B values still containing X | B8: 0
A9: Column M values containing X | B9: 45
A10: Unique SKUs mapping 1:1 | B10: 836
A11: Unique SKUs mapping 1:Many | B11: 696
A12: SKU | B12: Matching Part Count | C12: Mapping Type | D12: Mapped Part Number(s) | E12: Source Row(s) | F12: FPE Dimensions | G12: Sample Product Type
A13: AIRZET25-17-3-V | B13: =COUNTIF(PriceList!$M$4:$M$2641,A13) -> 1 | C13: =IF(B13=1,"1:1","1:Many") -> 1:1 | D13: {=_xlfn.TEXTJOIN(" | ",TRUE,_xlfn._xlws.FILTER(PriceList!$B$4:$B$2641,PriceList!$M$4:$M$2641=A13,""))} -> PNRS010-0160-0260-105 | E13: {=_xlfn.TEXTJOIN(", ",TRUE,_xlfn._xlws.FILTER(ROW(PriceList!$B$4:$B$2641),PriceList!$M$4:$M$2641=A13,""))} -> 2152 | F13: {=_xlfn.TEXTJOIN(" | ",TRUE,_xlfn.UNIQUE(_xlfn._xlws.FILTER(PriceList!$Q$4:$Q$2641&" x "&PriceList!$R$4:$R$2641&" x "&PriceList!$S$4:$S$2641,PriceList!$M$4:$M$2641=A13,"")))} -> 17 x 25 x 3 | G13: {=INDEX(_xlfn._xlws.FILTER(PriceList!$P$4:$P$2641,PriceList!$M$4:$M$2641=A13,""),1)} -> Piston Seal - Pneumatic - Airzet Type
A14: AIRZET28-19-2.5-R | B14: =COUNTIF(PriceList!$M$4:$M$2641,A14) -> 1 | C14: =IF(B14=1,"1:1","1:Many") -> 1:1 | D14: {=_xlfn.TEXTJOIN(" | ",TRUE,_xlfn._xlws.FILTER(PriceList!$B$4:$B$2641,PriceList!$M$4:$M$2641=A14,""))} -> PNRS010-0180-0280-105 | E14: {=_xlfn.TEXTJOIN(", ",TRUE,_xlfn._xlws.FILTER(ROW(PriceList!$B$4:$B$2641),PriceList!$M$4:$M$2641=A14,""))} -> 2153 | F14: {=_xlfn.TEXTJOIN(" | ",TRUE,_xlfn.UNIQUE(_xlfn._xlws.FILTER(PriceList!$Q$4:$Q$2641&" x "&PriceList!$R$4:$R$2641&" x "&PriceList!$S$4:$S$2641,PriceList!$M$4:$M$2641=A14,"")))} -> 19 x 28 x 2.5 | G14: {=INDEX(_xlfn._xlws.FILTER(PriceList!$P$4:$P$2641,PriceList!$M$4:$M$2641=A14,""),1)} -> Piston Seal - Pneumatic - Airzet Type
A15: AIRZET30-21-2.5-R | B15: =COUNTIF(PriceList!$M$4:$M$2641,A15) -> 1 | C15: =IF(B15=1,"1:1","1:Many") -> 1:1 | D15: {=_xlfn.TEXTJOIN(" | ",TRUE,_xlfn._xlws.FILTER(PriceList!$B$4:$B$2641,PriceList!$M$4:$M$2641=A15,""))} -> PNRS010-0200-0300-105 | E15: {=_xlfn.TEXTJOIN(", ",TRUE,_xlfn._xlws.FILTER(ROW(PriceList!$B$4:$B$2641),PriceList!$M$4:$M$2641=A15,""))} -> 2154 | F15: {=_xlfn.TEXTJOIN(" | ",TRUE,_xlfn.UNIQUE(_xlfn._xlws.FILTER(PriceList!$Q$4:$Q$2641&" x "&PriceList!$R$4:$R$2641&" x "&PriceList!$S$4:$S$2641,PriceList!$M$4:$M$2641=A15,"")))} -> 21 x 30 x 2.5 | G15: {=INDEX(_xlfn._xlws.FILTER(PriceList!$P$4:$P$2641,PriceList!$M$4:$M$2641=A15,""),1)} -> Piston Seal - Pneumatic - Airzet Type
A16: AIRZET32-23-2.5-R | B16: =COUNTIF(PriceList!$M$4:$M$2641,A16) -> 1 | C16: =IF(B16=1,"1:1","1:Many") -> 1:1 | D16: {=_xlfn.TEXTJOIN(" | ",TRUE,_xlfn._xlws.FILTER(PriceList!$B$4:$B$2641,PriceList!$M$4:$M$2641=A16,""))} -> PNRS010-0220-0320-105 | E16: {=_xlfn.TEXTJOIN(", ",TRUE,_xlfn._xlws.FILTER(ROW(PriceList!$B$4:$B$2641),PriceList!$M$4:$M$2641=A16,""))} -> 2155 | F16: {=_xlfn.TEXTJOIN(" | ",TRUE,_xlfn.UNIQUE(_xlfn._xlws.FILTER(PriceList!$Q$4:$Q$2641&" x "&PriceList!$R$4:$R$2641&" x "&PriceList!$S$4:$S$2641,PriceList!$M$4:$M$2641=A16,"")))} -> 23 x 32 x 2.5 | G16: {=INDEX(_xlfn._xlws.FILTER(PriceList!$P$4:$P$2641,PriceList!$M$4:$M$2641=A16,""),1)} -> Piston Seal - Pneumatic - Airzet Type
A17: AIRZET35-26-2.5-R | B17: =COUNTIF(PriceList!$M$4:$M$2641,A17) -> 1 | C17: =IF(B17=1,"1:1","1:Many") -> 1:1 | D17: {=_xlfn.TEXTJOIN(" | ",TRUE,_xlfn._xlws.FILTER(PriceList!$B$4:$B$2641,PriceList!$M$4:$M$2641=A17,""))} -> PNRS010-0250-0350-105 | E17: {=_xlfn.TEXTJOIN(", ",TRUE,_xlfn._xlws.FILTER(ROW(PriceList!$B$4:$B$2641),PriceList!$M$4:$M$2641=A17,""))} -> 2156 | F17: {=_xlfn.TEXTJOIN(" | ",TRUE,_xlfn.UNIQUE(_xlfn._xlws.FILTER(PriceList!$Q$4:$Q$2641&" x "&PriceList!$R$4:$R$2641&" x "&PriceList!$S$4:$S$2641,PriceList!$M$4:$M$2641=A17,"")))} -> 26 x 35 x 2.5 | G17: {=INDEX(_xlfn._xlws.FILTER(PriceList!$P$4:$P$2641,PriceList!$M$4:$M$2641=A17,""),1)} -> Piston Seal - Pneumatic - Airzet Type
A18: AIRZET45-36-2.7-R-K54 | B18: =COUNTIF(PriceList!$M$4:$M$2641,A18) -> 1 | C18: =IF(B18=1,"1:1","1:Many") -> 1:1 | D18: {=_xlfn.TEXTJOIN(" | ",TRUE,_xlfn._xlws.FILTER(PriceList!$B$4:$B$2641,PriceList!$M$4:$M$2641=A18,""))} -> PNRS010-0350-0450-105 | E18: {=_xlfn.TEXTJOIN(", ",TRUE,_xlfn._xlws.FILTER(ROW(PriceList!$B$4:$B$2641),PriceList!$M$4:$M$2641=A18,""))} -> 2158 | F18: {=_xlfn.TEXTJOIN(" | ",TRUE,_xlfn.UNIQUE(_xlfn._xlws.FILTER(PriceList!$Q$4:$Q$2641&" x "&PriceList!$R$4:$R$2641&" x "&PriceList!$S$4:$S$2641,PriceList!$M$4:$M$2641=A18,"")))} -> 36 x 45 x 2.7 | G18: {=INDEX(_xlfn._xlws.FILTER(PriceList!$P$4:$P$2641,PriceList!$M$4:$M$2641=A18,""),1)} -> Piston Seal - Pneumatic - Airzet Type
A19: AIRZET50-40-3.8-R-K62 | B19: =COUNTIF(PriceList!$M$4:$M$2641,A19) -> 1 | C19: =IF(B19=1,"1:1","1:Many") -> 1:1 | D19: {=_xlfn.TEXTJOIN(" | ",TRUE,_xlfn._xlws.FILTER(PriceList!$B$4:$B$2641,PriceList!$M$4:$M$2641=A19,""))} -> PNRS010-0400-0500-105 | E19: {=_xlfn.TEXTJOIN(", ",TRUE,_xlfn._xlws.FILTER(ROW(PriceList!$B$4:$B$2641),PriceList!$M$4:$M$2641=A19,""))} -> 2159 | F19: {=_xlfn.TEXTJOIN(" | ",TRUE,_xlfn.UNIQUE(_xlfn._xlws.FILTER(PriceList!$Q$4:$Q$2641&" x "&PriceList!$R$4:$R$2641&" x "&PriceList!$S$4:$S$2641,PriceList!$M$4:$M$2641=A19,"")))} -> 40 x 50 x 3.8 | G19: {=INDEX(_xlfn._xlws.FILTER(PriceList!$P$4:$P$2641,PriceList!$M$4:$M$2641=A19,""),1)} -> Piston Seal - Pneumatic - PSD Type
A20: BS006-V75 | B20: =COUNTIF(PriceList!$M$4:$M$2641,A20) -> 1 | C20: =IF(B20=1,"1:1","1:Many") -> 1:1 | D20: {=_xlfn.TEXTJOIN(" | ",TRUE,_xlfn._xlws.FILTER(PriceList!$B$4:$B$2641,PriceList!$M$4:$M$2641=A20,""))} -> ORV8 002.9-1.78 | E20: {=_xlfn.TEXTJOIN(", ",TRUE,_xlfn._xlws.FILTER(ROW(PriceList!$B$4:$B$2641),PriceList!$M$4:$M$2641=A20,""))} -> 1543 | F20: {=_xlfn.TEXTJOIN(" | ",TRUE,_xlfn.UNIQUE(_xlfn._xlws.FILTER(PriceList!$Q$4:$Q$2641&" x "&PriceList!$R$4:$R$2641&" x "&PriceList!$S$4:$S$2641,PriceList!$M$4:$M$2641=A20,"")))} -> 2.794 x 6.35 x 1.778 | G20: {=INDEX(_xlfn._xlws.FILTER(PriceList!$P$4:$P$2641,PriceList!$M$4:$M$2641=A20,""),1)} -> O Ring - FPM/FKM/VitonÂ®
A21: BS007-V75 | B21: =COUNTIF(PriceList!$M$4:$M$2641,A21) -> 1 | C21: =IF(B21=1,"1:1","1:Many") -> 1:1 | D21: {=_xlfn.TEXTJOIN(" | ",TRUE,_xlfn._xlws.FILTER(PriceList!$B$4:$B$2641,PriceList!$M$4:$M$2641=A21,""))} -> ORV8 003.6-1.78 | E21: {=_xlfn.TEXTJOIN(", ",TRUE,_xlfn._xlws.FILTER(ROW(PriceList!$B$4:$B$2641),PriceList!$M$4:$M$2641=A21,""))} -> 1544 | F21: {=_xlfn.TEXTJOIN(" | ",TRUE,_xlfn.UNIQUE(_xlfn._xlws.FILTER(PriceList!$Q$4:$Q$2641&" x "&PriceList!$R$4:$R$2641&" x "&PriceList!$S$4:$S$2641,PriceList!$M$4:$M$2641=A21,"")))} -> 3.556 x 7.112 x 1.778 | G21: {=INDEX(_xlfn._xlws.FILTER(PriceList!$P$4:$P$2641,PriceList!$M$4:$M$2641=A21,""),1)} -> O Ring - FPM/FKM/VitonÂ®
A22: BS009-N70 | B22: =COUNTIF(PriceList!$M$4:$M$2641,A22) -> 1 | C22: =IF(B22=1,"1:1","1:Many") -> 1:1 | D22: {=_xlfn.TEXTJOIN(" | ",TRUE,_xlfn._xlws.FILTER(PriceList!$B$4:$B$2641,PriceList!$M$4:$M$2641=A22,""))} -> OR9N 005.28-1.78 | E22: {=_xlfn.TEXTJOIN(", ",TRUE,_xlfn._xlws.FILTER(ROW(PriceList!$B$4:$B$2641),PriceList!$M$4:$M$2641=A22,""))} -> 932 | F22: {=_xlfn.TEXTJOIN(" | ",TRUE,_xlfn.UNIQUE(_xlfn._xlws.FILTER(PriceList!$Q$4:$Q$2641&" x "&PriceList!$R$4:$R$2641&" x "&PriceList!$S$4:$S$2641,PriceList!$M$4:$M$2641=A22,"")))} -> 5.334 x 8.89 x 1.778 | G22: {=INDEX(_xlfn._xlws.FILTER(PriceList!$P$4:$P$2641,PriceList!$M$4:$M$2641=A22,""),1)} -> O Ring - NBR 70
A23: BS009-V75 | B23: =COUNTIF(PriceList!$M$4:$M$2641,A23) -> 1 | C23: =IF(B23=1,"1:1","1:Many") -> 1:1 | D23: {=_xlfn.TEXTJOIN(" | ",TRUE,_xlfn._xlws.FILTER(PriceList!$B$4:$B$2641,PriceList!$M$4:$M$2641=A23,""))} -> ORV8 005.28-1.78 | E23: {=_xlfn.TEXTJOIN(", ",TRUE,_xlfn._xlws.FILTER(ROW(PriceList!$B$4:$B$2641),PriceList!$M$4:$M$2641=A23,""))} -> 1549 | F23: {=_xlfn.TEXTJOIN(" | ",TRUE,_xlfn.UNIQUE(_xlfn._xlws.FILTER(PriceList!$Q$4:$Q$2641&" x "&PriceList!$R$4:$R$2641&" x "&PriceList!$S$4:$S$2641,PriceList!$M$4:$M$2641=A23,"")))} -> 5.334 x 8.89 x 1.778 | G23: {=INDEX(_xlfn._xlws.FILTER(PriceList!$P$4:$P$2641,PriceList!$M$4:$M$2641=A23,""),1)} -> O Ring - FPM/FKM/VitonÂ®
A24: BS014-V75 | B24: =COUNTIF(PriceList!$M$4:$M$2641,A24) -> 1 | C24: =IF(B24=1,"1:1","1:Many") -> 1:1 | D24: {=_xlfn.TEXTJOIN(" | ",TRUE,_xlfn._xlws.FILTER(PriceList!$B$4:$B$2641,PriceList!$M$4:$M$2641=A24,""))} -> ORV8 012.42-1.78 | E24: {=_xlfn.TEXTJOIN(", ",TRUE,_xlfn._xlws.FILTER(ROW(PriceList!$B$4:$B$2641),PriceList!$M$4:$M$2641=A24,""))} -> 1597 | F24: {=_xlfn.TEXTJOIN(" | ",TRUE,_xlfn.UNIQUE(_xlfn._xlws.FILTER(PriceList!$Q$4:$Q$2641&" x "&PriceList!$R$4:$R$2641&" x "&PriceList!$S$4:$S$2641,PriceList!$M$4:$M$2641=A24,"")))} -> 12.446 x 16.002 x 1.778 | G24: {=INDEX(_xlfn._xlws.FILTER(PriceList!$P$4:$P$2641,PriceList!$M$4:$M$2641=A24,""),1)} -> O Ring - FPM/FKM/VitonÂ®
... A1544: WR96-104-7.6-10M-P-H38 | B1544: =COUNTIF(PriceList!$M$4:$M$2641,A1544) -> 7 | C1544: =IF(B1544=1,"1:1","1:Many") -> 1:Many | D1544: {=_xlfn.TEXTJOIN(" | ",TRUE,_xlfn._xlws.FILTER(PriceList!$B$4:$B$2641,PriceList!$M$4:$M$2641=A1544,""))} -> DS033-U-0950-1050-0710 | DS055-F-0950-1030-0608 | DS055-N-0950-1030-0608 | DS055-U-0950-1030-0608 | DS066-F-0950-1038-060 | DS066-N-0950-1038-060 | DS077-U-0950-1030-0407 | E1544: {=_xlfn.TEXTJOIN(", ",TRUE,_xlfn._xlws.FILTER(ROW(PriceList!$B$4:$B$2641),PriceList!$M$4:$M$2641=A1544,""))} -> 235, 298, 338, 379, 422, 468, 506 | F1544: {=_xlfn.TEXTJOIN(" | ",TRUE,_xlfn.UNIQUE(_xlfn._xlws.FILTER(PriceList!$Q$4:$Q$2641&" x "&PriceList!$R$4:$R$2641&" x "&PriceList!$S$4:$S$2641,PriceList!$M$4:$M$2641=A1544,"")))} -> 96 x 104 x 7.6 | G1544: {=INDEX(_xlfn._xlws.FILTER(PriceList!$P$4:$P$2641,PriceList!$M$4:$M$2641=A1544,""),1)} -> HalliteÂ® Type 38
